Country,city_name,stat_date(周),Daily Traffic,Daily Traffic WoW,Traffic,Traffic WoW,Exposure UV per Eff Online Rs,Shop Enter UV,Shop Enter UV WoW,B P1,B P1 WoW,B P2,B P2 WoW,B P1*P2,B P1*P2 WoW,B Cancel Rate,B Cancel Rate WoW,B Bad Rating Rate,B Bad Rating Rate WoW,Average Rating,Average Position
MX,Carmen,2024-09-09 / 2024-09-15,23122,-0.47%,161853,-0.47%,568,9833,-3.95%,6.08%,-0.22PP,17.18%,1.08PP,1.04%,0.03PP,3.56%,0.50PP,1.08%,0.05PP,4.57,10.2
MX,Las Choapas,2024-09-09 / 2024-09-15,10626,-0.37%,74384,-0.37%,406,4237,-2.71%,5.70%,-0.14PP,15.91%,0.61PP,0.91%,0.01PP,1.20%,-0.67PP,1.09%,-0.08PP,4.52,10.1
MX,Cordoba,2024-09-09 / 2024-09-15,48311,-0.17%,338177,-0.17%,370,22556,-0.09%,6.67%,0.01PP,16.25%,0.97PP,1.08%,0.07PP,1.61%,-0.44PP,1.34%,-0.11PP,4.51,17.4
MX,Orizaba,2024-09-09 / 2024-09-15,0,-100.00%,0,-100.00%,-,0,-100.00%,-,-100.00PP,-,0.00PP,-,0.00PP,-,0.00PP,-,0.00PP,-,-
MX,Chilpancingo de los Bravo,2024-09-09 / 2024-09-15,0,-,0,-,-,0,-,-,0.00PP,-,0.00PP,-,0.00PP,-,0.00PP,-,0.00PP,-,-
MX,La Piedad,2024-09-09 / 2024-09-15,-,-,-,-,-,-,-,-,0.00PP,-,0.00PP,-,0.00PP,-,0.00PP,-,0.00PP,-,-
MX,Zamora,2024-09-09 / 2024-09-15,-,-,-,-,-,-,-,-,0.00PP,-,0.00PP,-,0.00PP,-,0.00PP,-,0.00PP,-,-
MX,Apizaco,2024-09-09 / 2024-09-15,-,-,-,-,-,-,-,-,0.00PP,-,0.00PP,-,0.00PP,-,0.00PP,-,0.00PP,-,-
MX,Comitan de Dominguez,2024-09-09 / 2024-09-15,-,-,-,-,-,-,-,-,0.00PP,-,0.00PP,-,0.00PP,-,0.00PP,-,0.00PP,-,-
MX,Uruapan,2024-09-09 / 2024-09-15,0,-,0,-,-,0,-,-,0.00PP,-,0.00PP,-,0.00PP,-,0.00PP,-,0.00PP,-,-
MX,Tulancingo,2024-09-09 / 2024-09-15,-,-,-,-,-,-,-,-,0.00PP,-,0.00PP,-,0.00PP,-,0.00PP,-,0.00PP,-,-
MX,Minatitlan,2024-09-09 / 2024-09-15,-,-,-,-,-,-,-,-,0.00PP,-,0.00PP,-,0.00PP,-,0.00PP,-,0.00PP,-,-
MX,Abejones,2024-09-09 / 2024-09-15,-,-,-,-,-,-,-,-,0.00PP,-,0.00PP,-,0.00PP,-,0.00PP,-,0.00PP,-,-
MX,Villahermosa,2024-09-09 / 2024-09-15,192479,2.17%,1347355,2.17%,550,79754,-1.11%,5.92%,-0.20PP,14.26%,0.36PP,0.84%,-0.01PP,2.41%,0.62PP,1.23%,-0.09PP,4.38,38.9
MX,Cuernavaca,2024-09-09 / 2024-09-15,181775,5.15%,1272427,5.15%,420,78893,2.35%,6.20%,-0.17PP,16.89%,0.22PP,1.05%,-0.01PP,1.93%,0.02PP,1.62%,-0.20PP,4.45,22.9
MX,Coatzacoalcos,2024-09-09 / 2024-09-15,30307,-8.15%,212151,-8.15%,444,12773,-1.79%,6.02%,0.39PP,13.43%,1.82PP,0.81%,0.15PP,2.60%,-0.46PP,1.79%,0.67PP,4.37,15.5
MX,Pachuca,2024-09-09 / 2024-09-15,53876,3.65%,377129,3.65%,218,21476,-3.47%,5.69%,-0.42PP,15.56%,-0.30PP,0.89%,-0.08PP,2.00%,-0.34PP,1.94%,-0.08PP,4.38,21.5
MX,Acapulco,2024-09-09 / 2024-09-15,38467,17.42%,269270,17.42%,580,17194,7.57%,6.39%,-0.58PP,13.40%,-0.08PP,0.86%,-0.08PP,1.66%,-0.18PP,1.32%,-0.20PP,4.47,10.7
MX,Merida,2024-09-09 / 2024-09-15,172393,3.64%,1206748,3.64%,415,69433,0.27%,5.75%,-0.19PP,14.39%,0.73PP,0.83%,0.02PP,2.27%,-0.24PP,1.67%,0.00PP,4.40,20.8
MX,Cancun,2024-09-09 / 2024-09-15,219059,2.57%,1533413,2.57%,606,85408,1.72%,5.57%,-0.05PP,16.55%,1.05PP,0.92%,0.05PP,1.53%,0.03PP,1.61%,-0.06PP,4.41,33.4
MX,Oaxaca,2024-09-09 / 2024-09-15,135892,-1.90%,951247,-1.90%,346,62316,-2.02%,6.55%,-0.01PP,16.90%,0.46PP,1.11%,0.03PP,1.82%,-0.21PP,1.50%,0.26PP,4.29,32.3
MX,Campeche,2024-09-09 / 2024-09-15,47778,3.49%,334444,3.49%,407,22604,3.79%,6.76%,0.02PP,15.32%,0.23PP,1.04%,0.02PP,2.62%,0.84PP,1.09%,-0.04PP,4.59,18.1
MX,Poza Rica de Hidalgo,2024-09-09 / 2024-09-15,17842,-5.17%,124895,-5.17%,365,7553,-9.77%,6.05%,-0.31PP,14.96%,2.37PP,0.90%,0.10PP,3.03%,0.24PP,0.48%,-0.48PP,4.71,11.2
MX,Chetumal,2024-09-09 / 2024-09-15,24706,6.97%,172941,6.97%,586,10533,0.67%,6.09%,-0.38PP,16.86%,0.15PP,1.03%,-0.05PP,3.08%,0.17PP,1.31%,-0.09PP,4.41,11.8
MX,Xalapa,2024-09-09 / 2024-09-15,41356,-5.55%,289492,-5.55%,272,17679,-5.88%,6.11%,-0.02PP,13.42%,0.82PP,0.82%,0.05PP,2.46%,0.11PP,2.52%,0.75PP,4.24,23.5
MX,Tehuacan,2024-09-09 / 2024-09-15,29033,-6.78%,203234,-6.78%,302,11468,-2.40%,5.64%,0.25PP,14.75%,-0.55PP,0.83%,0.01PP,2.98%,0.86PP,1.48%,0.23PP,4.47,20.9
MX,San Cristobal de las Casas,2024-09-09 / 2024-09-15,24594,-0.60%,172158,-0.60%,379,9978,-2.75%,5.80%,-0.13PP,16.91%,1.20PP,0.98%,0.05PP,1.45%,-0.61PP,0.99%,-0.30PP,4.55,18.8
MX,Morelia,2024-09-09 / 2024-09-15,186081,-0.22%,1302567,-0.22%,394,87596,-2.67%,6.72%,-0.17PP,17.71%,0.08PP,1.19%,-0.02PP,1.25%,-0.10PP,1.56%,-0.06PP,4.39,38.2
MX,Tuxtla Gutierrez,2024-09-09 / 2024-09-15,225942,-2.20%,1581597,-2.20%,851,95261,-3.32%,6.02%,-0.07PP,15.72%,0.98PP,0.95%,0.05PP,1.14%,-0.17PP,1.45%,-0.03PP,4.41,26.2
MX,Tapachula,2024-09-09 / 2024-09-15,27592,6.70%,193141,6.70%,471,10913,0.73%,5.65%,-0.33PP,14.71%,0.65PP,0.83%,-0.01PP,2.74%,1.24PP,1.81%,0.47PP,4.17,15.3
MX,Solidaridad,2024-09-09 / 2024-09-15,27399,2.86%,191795,2.86%,313,10444,-2.33%,5.45%,-0.29PP,15.43%,0.21PP,0.84%,-0.03PP,2.43%,0.28PP,2.33%,0.45PP,4.39,19.7
MX,Veracruz,2024-09-09 / 2024-09-15,120885,1.60%,846196,1.60%,351,51665,-0.45%,6.11%,-0.13PP,15.69%,0.53PP,0.96%,0.01PP,1.78%,-0.13PP,1.60%,-0.08PP,4.49,27.2
MX,Puebla,2024-09-09 / 2024-09-15,341790,-1.94%,2392528,-1.94%,360,146360,-5.47%,6.12%,-0.23PP,16.41%,0.51PP,1.00%,-0.00PP,1.87%,0.28PP,1.91%,0.06PP,4.34,35.3
MX,Tlaxcala,2024-09-09 / 2024-09-15,45398,1.89%,317787,1.89%,327,19365,-3.27%,6.09%,-0.32PP,15.66%,0.32PP,0.95%,-0.03PP,2.38%,0.33PP,1.79%,0.15PP,4.38,20.5
MX,Navojoa,2024-09-09 / 2024-09-15,28771,0.28%,201395,0.28%,520,14070,-2.03%,6.99%,-0.17PP,14.95%,0.25PP,1.04%,-0.01PP,1.22%,-0.51PP,1.32%,0.40PP,4.40,15.5
MX,Guaymas,2024-09-09 / 2024-09-15,0,-,0,-,-,0,-,-,0.00PP,-,0.00PP,-,0.00PP,-,0.00PP,-,0.00PP,-,-
MX,Puerto Vallarta,2024-09-09 / 2024-09-15,63052,8.79%,441362,8.79%,308,29908,3.16%,6.78%,-0.37PP,18.79%,0.06PP,1.27%,-0.07PP,2.01%,0.31PP,1.47%,-0.32PP,4.39,16.8
MX,Colima,2024-09-09 / 2024-09-15,97245,-1.13%,680718,-1.13%,547,46361,1.17%,6.81%,0.15PP,18.39%,1.14PP,1.25%,0.10PP,1.16%,0.01PP,1.03%,-0.17PP,4.55,24.0
MX,Nogales(SON),2024-09-09 / 2024-09-15,7,300.00%,52,300.00%,-,5,400.00%,9.62%,1.92PP,0.00%,0.00PP,0.00%,0.00PP,-,0.00PP,-,0.00PP,-,-
MX,Tepic,2024-09-09 / 2024-09-15,152463,2.56%,1067241,2.56%,434,68049,1.09%,6.38%,-0.09PP,17.63%,0.71PP,1.12%,0.03PP,1.68%,0.02PP,1.23%,0.07PP,4.50,31.2
MX,Manzanillo,2024-09-09 / 2024-09-15,54822,16.27%,383752,16.27%,649,22536,7.07%,5.87%,-0.50PP,16.02%,-1.48PP,0.94%,-0.18PP,1.96%,0.23PP,0.99%,-0.16PP,4.55,13.1
MX,Mexicali,2024-09-09 / 2024-09-15,334103,-9.34%,2338724,-9.34%,647,168065,-9.77%,7.19%,-0.03PP,19.22%,1.18PP,1.38%,0.08PP,1.28%,-0.10PP,1.27%,0.04PP,4.39,35.5
MX,Mazatlan,2024-09-09 / 2024-09-15,134647,12.90%,942529,12.90%,534,52542,8.83%,5.57%,-0.21PP,13.61%,-1.08PP,0.76%,-0.09PP,2.35%,0.26PP,1.25%,0.35PP,4.41,23.2
MX,Guadalajara,2024-09-09 / 2024-09-15,1088514,-2.11%,7619598,-2.11%,391,488622,-3.64%,6.41%,-0.10PP,18.88%,0.73PP,1.21%,0.03PP,1.49%,0.04PP,1.40%,-0.06PP,4.44,45.1
MX,Ciudad Obregon,2024-09-09 / 2024-09-15,106132,6.01%,742927,6.01%,587,49731,1.45%,6.69%,-0.30PP,15.78%,-0.82PP,1.06%,-0.10PP,2.22%,0.23PP,1.54%,0.35PP,4.24,24.8
MX,Los Mochis-Guasave,2024-09-09 / 2024-09-15,97985,6.19%,685897,6.19%,507,42206,-6.05%,6.15%,-0.80PP,14.23%,-0.54PP,0.88%,-0.15PP,2.78%,1.32PP,1.15%,-0.17PP,4.37,20.5
MX,Ensenada,2024-09-09 / 2024-09-15,187871,-1.14%,1315094,-1.14%,520,87464,-1.23%,6.65%,-0.01PP,20.24%,0.50PP,1.35%,0.03PP,1.42%,0.14PP,1.20%,0.02PP,4.45,34.0
MX,Tijuana,2024-09-09 / 2024-09-15,302276,-7.23%,2115932,-7.23%,445,138901,-7.53%,6.56%,-0.02PP,18.12%,0.55PP,1.19%,0.03PP,1.91%,-0.12PP,1.81%,-0.09PP,4.27,26.5
MX,Hermosillo,2024-09-09 / 2024-09-15,184950,-1.03%,1294649,-1.03%,398,83128,-4.97%,6.42%,-0.27PP,15.13%,0.52PP,0.97%,-0.01PP,1.76%,-0.02PP,1.58%,-0.01PP,4.27,26.6
MX,Los Cabos,2024-09-09 / 2024-09-15,58888,6.21%,412216,6.21%,348,25281,-9.79%,6.13%,-1.09PP,17.75%,-0.65PP,1.09%,-0.24PP,1.51%,-0.01PP,1.50%,0.25PP,4.26,16.9
MX,La Paz,2024-09-09 / 2024-09-15,95545,-7.59%,668816,-7.59%,467,45408,-7.18%,6.79%,0.03PP,15.72%,-0.10PP,1.07%,-0.00PP,2.03%,0.64PP,1.29%,0.13PP,4.45,19.8
MX,Culiacan,2024-09-09 / 2024-09-15,422859,91.81%,2960014,91.81%,1161,118224,19.23%,3.99%,-2.43PP,10.50%,-5.26PP,0.42%,-0.59PP,4.97%,3.54PP,1.76%,0.28PP,4.30,12.8
MX,San Miguel de Allende,2024-09-09 / 2024-09-15,1,-40.00%,9,-40.00%,0,1,-,11.11%,11.11PP,0.00%,0.00PP,0.00%,0.00PP,-,0.00PP,-,0.00PP,-,-
MX,Guanajuato,2024-09-09 / 2024-09-15,-,-,-,-,-,-,-,-,0.00PP,-,0.00PP,-,0.00PP,-,0.00PP,-,0.00PP,-,-
MX,Valles City,2024-09-09 / 2024-09-15,-,-,-,-,-,-,-,-,0.00PP,-,0.00PP,-,0.00PP,-,0.00PP,-,0.00PP,-,-
MX,Piedras Negras,2024-09-09 / 2024-09-15,-,-,-,-,-,-,-,-,0.00PP,-,0.00PP,-,0.00PP,-,0.00PP,-,0.00PP,-,-
MX,Torreon,2024-09-09 / 2024-09-15,179320,-7.60%,1255242,-7.60%,398,77309,-6.39%,6.16%,0.08PP,16.88%,1.73PP,1.04%,0.12PP,1.83%,-0.20PP,1.24%,-0.16PP,4.55,23.7
MX,Queretaro,2024-09-09 / 2024-09-15,205001,2.25%,1435007,2.25%,326,85146,-3.45%,5.93%,-0.35PP,17.42%,0.17PP,1.03%,-0.05PP,1.72%,0.28PP,1.69%,0.14PP,4.50,27.6
MX,Chihuahua,2024-09-09 / 2024-09-15,172393,2.49%,1206751,2.49%,341,77668,-1.33%,6.44%,-0.25PP,14.66%,0.23PP,0.94%,-0.02PP,2.54%,-0.07PP,1.37%,-0.14PP,4.55,31.9
MX,Matamoros,2024-09-09 / 2024-09-15,151668,13.30%,1061674,13.30%,845,62048,3.04%,5.84%,-0.58PP,14.74%,-1.38PP,0.86%,-0.17PP,1.76%,0.23PP,1.50%,-0.04PP,4.47,21.3
MX,Jaurez CHIH,2024-09-09 / 2024-09-15,352706,1.09%,2468942,1.09%,602,161146,-0.54%,6.53%,-0.11PP,17.51%,0.23PP,1.14%,-0.00PP,1.31%,-0.11PP,1.51%,0.07PP,4.42,27.0
MX,Salamanca,2024-09-09 / 2024-09-15,16293,8.96%,114052,8.96%,306,6589,1.67%,5.78%,-0.41PP,17.26%,0.33PP,1.00%,-0.05PP,2.15%,-0.82PP,1.63%,0.26PP,4.46,12.6
MX,Nuevo Laredo,2024-09-09 / 2024-09-15,68980,5.80%,482859,5.80%,780,30407,-0.86%,6.30%,-0.42PP,14.64%,0.39PP,0.92%,-0.04PP,1.54%,0.57PP,1.17%,-0.23PP,4.55,16.1
MX,Zacatecas,2024-09-09 / 2024-09-15,60917,0.29%,426417,0.29%,298,25779,-0.99%,6.05%,-0.08PP,17.94%,-0.12PP,1.08%,-0.02PP,2.24%,-0.20PP,1.71%,0.26PP,4.34,19.5
MX,Victoria,2024-09-09 / 2024-09-15,92425,-2.14%,646972,-2.14%,550,40530,-5.58%,6.26%,-0.23PP,14.35%,0.86PP,0.90%,0.02PP,1.26%,-0.42PP,1.23%,-0.12PP,4.44,24.6
MX,Tampico,2024-09-09 / 2024-09-15,137845,4.07%,964916,4.07%,584,61059,2.17%,6.33%,-0.12PP,17.27%,0.58PP,1.09%,0.02PP,1.32%,0.18PP,1.31%,0.18PP,4.42,26.9
MX,Irapuato,2024-09-09 / 2024-09-15,54744,-0.17%,383206,-0.17%,295,21825,-3.28%,5.70%,-0.18PP,17.36%,0.87PP,0.99%,0.02PP,2.93%,0.24PP,1.54%,0.21PP,4.47,23.4
MX,San Juan del Río,2024-09-09 / 2024-09-15,41618,6.16%,291323,6.16%,403,18023,-0.06%,6.19%,-0.38PP,17.09%,-0.80PP,1.06%,-0.12PP,2.64%,0.64PP,1.62%,0.03PP,4.45,17.8
MX,Monclova,2024-09-09 / 2024-09-15,3,-25.00%,18,-25.00%,-,2,100.00%,11.11%,6.94PP,0.00%,0.00PP,0.00%,0.00PP,-,0.00PP,-,0.00PP,-,-
MX,Durango,2024-09-09 / 2024-09-15,209629,-5.43%,1467400,-5.43%,442,93801,-6.58%,6.39%,-0.08PP,19.54%,1.52PP,1.25%,0.08PP,1.78%,0.30PP,1.37%,-0.22PP,4.48,35.0
MX,San Luis Potosi,2024-09-09 / 2024-09-15,171810,-2.44%,1202673,-2.44%,358,76593,-4.20%,6.37%,-0.12PP,18.45%,0.27PP,1.18%,-0.00PP,1.95%,0.20PP,1.76%,-0.00PP,4.38,23.4
MX,Celaya,2024-09-09 / 2024-09-15,62217,-0.87%,435522,-0.87%,405,25707,-1.81%,5.90%,-0.06PP,20.22%,0.69PP,1.19%,0.03PP,1.42%,0.11PP,1.30%,0.06PP,4.45,21.1
MX,Delicias,2024-09-09 / 2024-09-15,31705,3.07%,221934,3.07%,433,14824,-2.62%,6.68%,-0.39PP,20.77%,0.22PP,1.39%,-0.07PP,1.00%,0.35PP,0.92%,0.20PP,4.51,19.6
MX,Leon,2024-09-09 / 2024-09-15,191768,1.48%,1342378,1.48%,268,81577,-1.76%,6.08%,-0.20PP,16.54%,0.36PP,1.01%,-0.01PP,2.14%,0.38PP,1.64%,-0.04PP,4.45,28.1
MX,Aguascalientes,2024-09-09 / 2024-09-15,138521,1.93%,969646,1.93%,358,60708,-2.49%,6.26%,-0.28PP,17.80%,0.54PP,1.11%,-0.02PP,1.69%,-0.13PP,1.33%,-0.27PP,4.52,24.8
MX,Saltillo,2024-09-09 / 2024-09-15,111769,2.21%,782381,2.21%,564,43200,-2.07%,5.52%,-0.24PP,15.65%,1.16PP,0.86%,0.03PP,1.88%,-0.23PP,1.58%,0.13PP,4.47,19.7
MX,Reynosa,2024-09-09 / 2024-09-15,0,-,0,-,-,0,-,-,0.00PP,-,0.00PP,-,0.00PP,-,0.00PP,-,0.00PP,-,-
MX,Monterrey,2024-09-09 / 2024-09-15,903709,-3.15%,6325961,-3.15%,458,412717,-4.64%,6.52%,-0.10PP,17.33%,1.12PP,1.13%,0.06PP,1.66%,-0.19PP,1.15%,-0.01PP,4.42,34.5
MX,Mexico City,2024-09-09 / 2024-09-15,2340288,4.30%,16382015,4.30%,403,946055,-1.08%,5.77%,-0.31PP,15.34%,0.14PP,0.89%,-0.04PP,2.13%,0.20PP,2.20%,0.07PP,4.40,41.7
MX,Toluca,2024-09-09 / 2024-09-15,210580,8.57%,1474062,8.57%,335,82672,0.76%,5.61%,-0.43PP,16.03%,-0.50PP,0.90%,-0.10PP,2.27%,0.39PP,2.11%,0.04PP,4.28,26.7
CO,Ibagué,2024-09-09 / 2024-09-15,0,-,0,-,-,0,-,-,0.00PP,-,0.00PP,-,0.00PP,-,0.00PP,-,0.00PP,-,-
CO,Valledupar,2024-09-09 / 2024-09-15,0,-,0,-,-,0,-,-,0.00PP,-,0.00PP,-,0.00PP,-,0.00PP,-,0.00PP,-,-
CO,Santa marta,2024-09-09 / 2024-09-15,0,-,0,-,-,0,-,-,0.00PP,-,0.00PP,-,0.00PP,-,0.00PP,-,0.00PP,-,-
CO,Cartagena,2024-09-09 / 2024-09-15,70572,-10.95%,494004,-10.95%,1739,26049,-17.71%,5.27%,-0.43PP,7.11%,-0.70PP,0.37%,-0.07PP,2.96%,-0.26PP,2.46%,-0.26PP,4.48,10.7
CO,Cali,2024-09-09 / 2024-09-15,392216,-4.17%,2745511,-4.17%,529,183145,-5.35%,6.67%,-0.08PP,13.37%,0.08PP,0.89%,-0.01PP,1.52%,-0.02PP,2.33%,-0.09PP,4.31,37.8
CO,Bucaramanga,2024-09-09 / 2024-09-15,72484,-5.27%,507389,-5.27%,589,39300,-7.70%,7.75%,-0.20PP,11.62%,0.25PP,0.90%,-0.00PP,1.37%,-0.22PP,2.02%,-0.58PP,4.58,21.1
CO,Barranquilla,2024-09-09 / 2024-09-15,226398,-2.98%,1584785,-2.98%,689,119745,-2.91%,7.56%,0.00PP,12.19%,0.26PP,0.92%,0.02PP,1.44%,-0.02PP,2.40%,0.14PP,4.32,36.8
CO,Cúcuta,2024-09-09 / 2024-09-15,24027,1.23%,168191,1.23%,809,9410,-9.17%,5.59%,-0.64PP,8.66%,0.19PP,0.48%,-0.04PP,3.88%,-0.36PP,2.20%,0.99PP,4.65,8.8
CO,Pereira,2024-09-09 / 2024-09-15,0,-,0,-,-,0,-,-,0.00PP,-,0.00PP,-,0.00PP,-,0.00PP,-,0.00PP,-,-
CO,Manizales,2024-09-09 / 2024-09-15,0,-,0,-,-,0,-,-,0.00PP,-,0.00PP,-,0.00PP,-,0.00PP,-,0.00PP,-,-
CO,Villavicencio,2024-09-09 / 2024-09-15,0,-,0,-,-,0,-,-,0.00PP,-,0.00PP,-,0.00PP,-,0.00PP,-,0.00PP,-,-
CO,Medellín,2024-09-09 / 2024-09-15,659725,-4.36%,4618078,-4.36%,620,323262,-4.43%,7.00%,-0.01PP,14.96%,0.27PP,1.05%,0.02PP,1.00%,-0.07PP,2.27%,0.04PP,4.36,54.3
CO,"Bogotá, D.C.",2024-09-09 / 2024-09-15,787706,-8.37%,5513945,-8.37%,411,341519,-10.39%,6.19%,-0.14PP,14.09%,0.42PP,0.87%,0.01PP,1.81%,0.07PP,3.08%,-0.01PP,4.23,46.0
CR,Liberia,2024-09-09 / 2024-09-15,-,-,-,-,-,-,-,-,0.00PP,-,0.00PP,-,0.00PP,-,0.00PP,-,0.00PP,-,-
CR,Limon,2024-09-09 / 2024-09-15,-,-,-,-,-,-,-,-,0.00PP,-,0.00PP,-,0.00PP,-,0.00PP,-,0.00PP,-,-
CR,San Jose,2024-09-09 / 2024-09-15,294020,1.82%,2058140,1.82%,316,120554,0.47%,5.86%,-0.08PP,14.81%,0.48PP,0.87%,0.02PP,2.04%,0.18PP,2.20%,0.02PP,4.25,31.3
PE,Arequipa,2024-09-09 / 2024-09-15,-,-,-,-,-,-,-,-,0.00PP,-,0.00PP,-,0.00PP,-,0.00PP,-,0.00PP,-,-
PE,Trujillo,2024-09-09 / 2024-09-15,-,-,-,-,-,-,-,-,0.00PP,-,0.00PP,-,0.00PP,-,0.00PP,-,0.00PP,-,-
PE,Lima,2024-09-09 / 2024-09-15,310161,-3.51%,2171129,-3.51%,271,130797,-4.60%,6.02%,-0.07PP,13.70%,0.33PP,0.83%,0.01PP,1.57%,-0.07PP,2.10%,0.03PP,4.21,33.6
MX,Carmen,2024-09-02 / 2024-09-08,23232,-0.05%,162621,-0.05%,598,10237,6.33%,6.30%,0.38PP,16.10%,0.31PP,1.01%,0.08PP,3.06%,-0.36PP,1.03%,-0.32PP,4.59,9.9
MX,Las Choapas,2024-09-02 / 2024-09-08,10665,1.02%,74657,1.02%,410,4355,-0.18%,5.83%,-0.07PP,15.29%,-0.06PP,0.89%,-0.01PP,1.88%,-1.21PP,1.17%,-0.46PP,4.46,9.6
MX,Cordoba,2024-09-02 / 2024-09-08,48393,-2.76%,338749,-2.76%,371,22577,-0.58%,6.66%,0.15PP,15.28%,-0.55PP,1.02%,-0.01PP,2.05%,-0.17PP,1.45%,0.36PP,4.62,17.6
MX,Minatitlan,2024-09-02 / 2024-09-08,-,-,-,-,-,-,-,-,0.00PP,-,0.00PP,-,0.00PP,-,0.00PP,-,0.00PP,-,-
MX,Uruapan,2024-09-02 / 2024-09-08,0,-,0,-,-,0,-,-,0.00PP,-,0.00PP,-,0.00PP,-,0.00PP,-,0.00PP,-,-
MX,La Piedad,2024-09-02 / 2024-09-08,-,-,-,-,-,-,-,-,0.00PP,-,0.00PP,-,0.00PP,-,0.00PP,-,0.00PP,-,-
MX,Orizaba,2024-09-02 / 2024-09-08,0,-,1,-,-,1,-,100.00%,100.00PP,0.00%,0.00PP,0.00%,0.00PP,-,0.00PP,-,0.00PP,-,-
MX,Chilpancingo de los Bravo,2024-09-02 / 2024-09-08,0,-,0,-,-,0,-,-,0.00PP,-,0.00PP,-,0.00PP,-,0.00PP,-,0.00PP,-,-
MX,Apizaco,2024-09-02 / 2024-09-08,-,-,-,-,-,-,-,-,0.00PP,-,0.00PP,-,0.00PP,-,0.00PP,-,0.00PP,-,-
MX,Zamora,2024-09-02 / 2024-09-08,-,-,-,-,-,-,-,-,0.00PP,-,0.00PP,-,0.00PP,-,0.00PP,-,0.00PP,-,-
MX,Tulancingo,2024-09-02 / 2024-09-08,-,-,-,-,-,-,-,-,0.00PP,-,0.00PP,-,0.00PP,-,0.00PP,-,0.00PP,-,-
MX,Comitan de Dominguez,2024-09-02 / 2024-09-08,-,-,-,-,-,-,-,-,0.00PP,-,0.00PP,-,0.00PP,-,0.00PP,-,0.00PP,-,-
MX,Abejones,2024-09-02 / 2024-09-08,-,-,-,-,-,-,-,-,0.00PP,-,0.00PP,-,0.00PP,-,0.00PP,-,0.00PP,-,-
MX,Xalapa,2024-09-02 / 2024-09-08,43788,-0.83%,306514,-0.83%,289,18784,2.65%,6.13%,0.21PP,12.60%,0.17PP,0.77%,0.04PP,2.35%,-0.11PP,1.77%,-0.85PP,4.36,23.4
MX,Tuxtla Gutierrez,2024-09-02 / 2024-09-08,231026,5.92%,1617184,5.92%,868,98533,4.15%,6.09%,-0.10PP,14.74%,-0.87PP,0.90%,-0.07PP,1.32%,0.36PP,1.49%,0.22PP,4.56,26.1
MX,Tapachula,2024-09-02 / 2024-09-08,25859,-4.48%,181015,-4.48%,443,10834,-2.53%,5.99%,0.12PP,14.06%,0.01PP,0.84%,0.02PP,1.50%,-0.61PP,1.35%,0.01PP,4.60,15.2
MX,Poza Rica de Hidalgo,2024-09-02 / 2024-09-08,18815,2.73%,131705,2.73%,372,8371,4.70%,6.36%,0.12PP,12.59%,-1.71PP,0.80%,-0.09PP,2.79%,-0.16PP,0.96%,-0.19PP,4.80,11.0
MX,Pachuca,2024-09-02 / 2024-09-08,51978,-1.08%,363848,-1.08%,208,22248,0.87%,6.11%,0.12PP,15.86%,-0.31PP,0.97%,0.00PP,2.34%,-0.29PP,2.02%,0.24PP,4.46,22.1
MX,Morelia,2024-09-02 / 2024-09-08,186488,-2.45%,1305419,-2.45%,394,90000,-3.51%,6.89%,-0.08PP,17.63%,0.00PP,1.22%,-0.01PP,1.35%,-0.09PP,1.62%,0.26PP,4.41,36.7
MX,San Cristobal de las Casas,2024-09-02 / 2024-09-08,24743,-9.00%,173198,-9.00%,415,10260,-7.08%,5.92%,0.12PP,15.71%,0.87PP,0.93%,0.07PP,2.06%,-0.25PP,1.29%,0.06PP,4.44,17.8
MX,Chetumal,2024-09-02 / 2024-09-08,23096,-5.95%,161669,-5.95%,556,10463,0.21%,6.47%,0.40PP,16.71%,-0.90PP,1.08%,0.01PP,2.91%,-0.45PP,1.40%,0.06PP,4.52,11.3
MX,Puebla,2024-09-02 / 2024-09-08,348567,-8.20%,2439972,-8.20%,364,154825,-4.55%,6.35%,0.24PP,15.90%,0.47PP,1.01%,0.07PP,1.59%,-0.26PP,1.85%,0.11PP,4.40,35.5
MX,Oaxaca,2024-09-02 / 2024-09-08,138527,-8.37%,969690,-8.37%,354,63598,-5.54%,6.56%,0.20PP,16.45%,0.51PP,1.08%,0.06PP,2.03%,-0.16PP,1.24%,-0.40PP,4.45,32.5
MX,Tlaxcala,2024-09-02 / 2024-09-08,44558,-9.15%,311907,-9.15%,319,20019,-7.21%,6.42%,0.13PP,15.34%,-0.18PP,0.98%,0.01PP,2.04%,-0.43PP,1.64%,0.16PP,4.51,20.5
MX,Merida,2024-09-02 / 2024-09-08,166343,-4.90%,1164400,-4.90%,397,69249,-3.98%,5.95%,0.06PP,13.66%,-0.79PP,0.81%,-0.04PP,2.51%,0.20PP,1.67%,-0.06PP,4.38,20.2
MX,Veracruz,2024-09-02 / 2024-09-08,118986,-6.06%,832900,-6.06%,350,51900,-4.62%,6.23%,0.09PP,15.15%,0.15PP,0.94%,0.02PP,1.91%,0.19PP,1.67%,0.10PP,4.55,26.7
MX,Cancun,2024-09-02 / 2024-09-08,213570,-10.66%,1494992,-10.66%,611,83962,-7.28%,5.62%,0.20PP,15.51%,0.05PP,0.87%,0.03PP,1.50%,-0.25PP,1.67%,0.02PP,4.46,30.0
MX,Acapulco,2024-09-02 / 2024-09-08,32759,-9.05%,229315,-9.05%,464,15984,-2.50%,6.97%,0.47PP,13.48%,-0.09PP,0.94%,0.06PP,1.84%,0.26PP,1.52%,-0.29PP,4.47,10.8
MX,Coatzacoalcos,2024-09-02 / 2024-09-08,32997,6.35%,230979,6.35%,494,13006,-1.43%,5.63%,-0.44PP,11.62%,-1.25PP,0.65%,-0.13PP,3.06%,0.83PP,1.12%,-0.75PP,4.46,14.6
MX,Campeche,2024-09-02 / 2024-09-08,46167,-6.13%,323170,-6.13%,389,21778,-3.71%,6.74%,0.17PP,15.08%,0.23PP,1.02%,0.04PP,1.78%,-0.38PP,1.13%,0.10PP,4.54,17.1
MX,Tehuacan,2024-09-02 / 2024-09-08,31146,1.33%,218021,1.33%,328,11750,1.77%,5.39%,0.02PP,15.30%,0.47PP,0.82%,0.03PP,2.12%,0.46PP,1.25%,0.20PP,4.55,19.7
MX,Solidaridad,2024-09-02 / 2024-09-08,26636,-6.11%,186455,-6.11%,304,10693,-0.83%,5.73%,0.31PP,15.22%,0.10PP,0.87%,0.05PP,2.15%,-0.16PP,1.89%,0.27PP,4.43,18.6
MX,Villahermosa,2024-09-02 / 2024-09-08,188400,0.54%,1318799,0.54%,547,80649,-2.35%,6.12%,-0.18PP,13.90%,-0.29PP,0.85%,-0.04PP,1.79%,-0.05PP,1.32%,-0.02PP,4.40,38.9
MX,Cuernavaca,2024-09-02 / 2024-09-08,172873,-7.49%,1210112,-7.49%,395,77080,-4.00%,6.37%,0.23PP,16.67%,0.18PP,1.06%,0.05PP,1.91%,-0.14PP,1.82%,0.13PP,4.41,22.9
MX,Navojoa,2024-09-02 / 2024-09-08,28690,-4.65%,200829,-4.65%,505,14362,0.43%,7.15%,0.36PP,14.71%,0.03PP,1.05%,0.06PP,1.74%,0.40PP,0.93%,-0.03PP,4.46,14.6
MX,Guaymas,2024-09-02 / 2024-09-08,0,-,0,-,-,0,-,-,0.00PP,-,0.00PP,-,0.00PP,-,0.00PP,-,0.00PP,-,-
MX,Ensenada,2024-09-02 / 2024-09-08,190030,1.59%,1330211,1.59%,534,88556,-0.28%,6.66%,-0.13PP,19.73%,0.30PP,1.31%,-0.00PP,1.28%,0.08PP,1.17%,0.05PP,4.45,34.0
MX,Nogales(SON),2024-09-02 / 2024-09-08,2,18.18%,13,18.18%,-,1,-,7.69%,7.69PP,0.00%,0.00PP,0.00%,0.00PP,-,0.00PP,-,0.00PP,-,-
MX,Mexicali,2024-09-02 / 2024-09-08,368533,2.59%,2579733,2.59%,724,186268,2.57%,7.22%,-0.00PP,18.05%,-0.04PP,1.30%,-0.00PP,1.37%,0.18PP,1.22%,0.00PP,4.42,36.1
MX,Los Cabos,2024-09-02 / 2024-09-08,55444,-9.45%,388107,-9.45%,294,28025,-5.97%,7.22%,0.27PP,18.39%,0.65PP,1.33%,0.09PP,1.52%,-0.22PP,1.25%,-0.28PP,4.30,19.2
MX,Manzanillo,2024-09-02 / 2024-09-08,47150,-2.71%,330050,-2.71%,543,21047,-3.54%,6.38%,-0.05PP,17.50%,-1.15PP,1.12%,-0.08PP,1.73%,-0.43PP,1.15%,0.10PP,4.53,14.9
MX,Puerto Vallarta,2024-09-02 / 2024-09-08,57959,-9.36%,405710,-9.36%,284,28992,-5.70%,7.15%,0.28PP,18.73%,0.30PP,1.34%,0.07PP,1.71%,-0.06PP,1.79%,-0.14PP,4.32,17.1
MX,Tepic,2024-09-02 / 2024-09-08,148659,-4.53%,1040614,-4.53%,421,67313,-5.50%,6.47%,-0.07PP,16.92%,0.35PP,1.09%,0.01PP,1.67%,0.22PP,1.16%,-0.07PP,4.51,30.1
MX,Guadalajara,2024-09-02 / 2024-09-08,1111974,-4.11%,7783816,-4.11%,400,507074,-2.86%,6.51%,0.08PP,18.15%,0.40PP,1.18%,0.04PP,1.44%,-0.09PP,1.46%,-0.03PP,4.49,44.7
MX,Ciudad Obregon,2024-09-02 / 2024-09-08,100119,-10.10%,700830,-10.10%,540,49022,-5.51%,6.99%,0.34PP,16.60%,0.94PP,1.16%,0.12PP,1.99%,0.08PP,1.19%,-0.10PP,4.35,25.2
MX,Hermosillo,2024-09-02 / 2024-09-08,186872,-3.46%,1308105,-3.46%,402,87472,-1.66%,6.69%,0.12PP,14.62%,0.10PP,0.98%,0.02PP,1.78%,-0.40PP,1.59%,-0.13PP,4.33,26.3
MX,La Paz,2024-09-02 / 2024-09-08,103389,-4.58%,723724,-4.58%,487,48921,-4.54%,6.76%,0.00PP,15.82%,-0.27PP,1.07%,-0.02PP,1.39%,-0.27PP,1.16%,-0.26PP,4.42,19.8
MX,Colima,2024-09-02 / 2024-09-08,98352,-4.17%,688465,-4.17%,564,45825,-3.35%,6.66%,0.06PP,17.25%,0.02PP,1.15%,0.01PP,1.16%,-0.02PP,1.21%,0.17PP,4.53,22.2
MX,Los Mochis-Guasave,2024-09-02 / 2024-09-08,92273,-5.73%,645908,-5.73%,438,44925,-0.96%,6.96%,0.33PP,14.77%,0.29PP,1.03%,0.07PP,1.47%,-0.53PP,1.32%,-0.08PP,4.43,22.7
MX,Mazatlan,2024-09-02 / 2024-09-08,119262,-5.02%,834837,-5.02%,468,48280,-3.70%,5.78%,0.08PP,14.69%,0.52PP,0.85%,0.04PP,2.09%,0.08PP,0.90%,-0.11PP,4.65,24.6
MX,Tijuana,2024-09-02 / 2024-09-08,325836,9.42%,2280853,9.42%,478,150206,7.97%,6.59%,-0.09PP,17.57%,-0.51PP,1.16%,-0.05PP,2.03%,0.23PP,1.90%,0.42PP,4.29,25.9
MX,Culiacan,2024-09-02 / 2024-09-08,220458,-12.87%,1543204,-12.87%,466,99157,-8.33%,6.43%,0.32PP,15.76%,1.35PP,1.01%,0.13PP,1.43%,-0.41PP,1.48%,-0.16PP,4.22,32.0
MX,San Miguel de Allende,2024-09-02 / 2024-09-08,2,25.00%,15,25.00%,1,0,-100.00%,0.00%,-8.33PP,-,0.00PP,0.00%,0.00PP,-,0.00PP,-,0.00PP,-,-
MX,Valles City,2024-09-02 / 2024-09-08,-,-,-,-,-,-,-,-,0.00PP,-,0.00PP,-,0.00PP,-,0.00PP,-,0.00PP,-,-
MX,Guanajuato,2024-09-02 / 2024-09-08,-,-,-,-,-,-,-,-,0.00PP,-,0.00PP,-,0.00PP,-,0.00PP,-,0.00PP,-,-
MX,Piedras Negras,2024-09-02 / 2024-09-08,-,-,-,-,-,-,-,-,0.00PP,-,0.00PP,-,0.00PP,-,0.00PP,-,0.00PP,-,-
MX,Zacatecas,2024-09-02 / 2024-09-08,60740,-2.41%,425183,-2.41%,295,26038,-1.07%,6.12%,0.08PP,18.06%,0.60PP,1.11%,0.05PP,2.44%,-0.21PP,1.45%,-0.07PP,4.47,19.2
MX,San Luis Potosi,2024-09-02 / 2024-09-08,176114,7.23%,1232799,7.23%,368,79947,4.48%,6.48%,-0.17PP,18.18%,-1.19PP,1.18%,-0.11PP,1.74%,0.04PP,1.76%,0.22PP,4.41,22.8
MX,Chihuahua,2024-09-02 / 2024-09-08,168201,-9.76%,1177406,-9.76%,328,78718,-8.49%,6.69%,0.09PP,14.44%,0.81PP,0.97%,0.07PP,2.60%,-0.00PP,1.51%,-0.21PP,4.44,32.2
MX,Salamanca,2024-09-02 / 2024-09-08,14954,-5.79%,104677,-5.79%,287,6481,5.79%,6.19%,0.68PP,16.93%,-1.36PP,1.05%,0.04PP,2.97%,0.07PP,1.37%,0.52PP,4.49,12.3
MX,Monclova,2024-09-02 / 2024-09-08,3,-38.46%,24,-38.46%,-,1,0.00%,4.17%,1.60PP,0.00%,0.00PP,0.00%,0.00PP,-,0.00PP,-,0.00PP,-,-
MX,Torreon,2024-09-02 / 2024-09-08,194072,-4.54%,1358503,-4.54%,439,82585,-6.58%,6.08%,-0.13PP,15.15%,-0.38PP,0.92%,-0.04PP,2.04%,0.18PP,1.40%,-0.09PP,4.59,21.2
MX,Nuevo Laredo,2024-09-02 / 2024-09-08,65197,-10.30%,456376,-10.30%,757,30671,-7.04%,6.72%,0.24PP,14.25%,0.32PP,0.96%,0.05PP,0.97%,-0.25PP,1.40%,0.02PP,4.53,15.2
MX,Victoria,2024-09-02 / 2024-09-08,94443,-5.51%,661103,-5.51%,556,42923,-2.19%,6.49%,0.22PP,13.49%,0.59PP,0.88%,0.07PP,1.68%,-0.21PP,1.35%,-0.13PP,4.42,23.8
MX,Jaurez CHIH,2024-09-02 / 2024-09-08,348908,-8.34%,2442356,-8.34%,597,162022,-4.82%,6.63%,0.25PP,17.28%,1.14PP,1.15%,0.12PP,1.42%,-0.16PP,1.44%,-0.29PP,4.48,26.4
MX,Leon,2024-09-02 / 2024-09-08,188972,-3.95%,1322802,-3.95%,264,83040,-1.81%,6.28%,0.14PP,16.18%,-0.10PP,1.02%,0.02PP,1.76%,-0.31PP,1.67%,-0.03PP,4.52,27.8
MX,Matamoros,2024-09-02 / 2024-09-08,133859,-4.20%,937011,-4.20%,684,60216,-4.50%,6.43%,-0.02PP,16.12%,0.12PP,1.04%,0.00PP,1.53%,0.37PP,1.54%,0.08PP,4.43,22.8
MX,Saltillo,2024-09-02 / 2024-09-08,109349,-10.40%,765440,-10.40%,546,44113,-4.46%,5.76%,0.36PP,14.49%,-0.60PP,0.83%,0.02PP,2.11%,0.00PP,1.45%,-0.35PP,4.50,17.4
MX,Queretaro,2024-09-02 / 2024-09-08,200492,-5.96%,1403447,-5.96%,313,88192,-3.10%,6.28%,0.19PP,17.26%,-0.22PP,1.08%,0.02PP,1.44%,0.08PP,1.55%,0.15PP,4.56,28.9
MX,Irapuato,2024-09-02 / 2024-09-08,54835,-8.53%,383847,-8.53%,292,22564,-4.65%,5.88%,0.24PP,16.49%,0.73PP,0.97%,0.08PP,2.69%,0.04PP,1.33%,0.17PP,4.49,23.2
MX,San Juan del Río,2024-09-02 / 2024-09-08,39203,-4.87%,274421,-4.87%,400,18033,-1.59%,6.57%,0.22PP,17.89%,-0.82PP,1.18%,-0.01PP,1.99%,0.28PP,1.59%,0.18PP,4.45,17.3
MX,Delicias,2024-09-02 / 2024-09-08,30760,-2.98%,215321,-2.98%,416,15223,0.32%,7.07%,0.23PP,20.55%,0.43PP,1.45%,0.08PP,0.65%,-0.42PP,0.72%,-0.06PP,4.65,19.1
MX,Durango,2024-09-02 / 2024-09-08,221675,1.53%,1551724,1.53%,472,100407,2.24%,6.47%,0.05PP,18.02%,-0.76PP,1.17%,-0.04PP,1.48%,-0.33PP,1.59%,0.00PP,4.50,33.2
MX,Tampico,2024-09-02 / 2024-09-08,132451,-6.88%,927155,-6.88%,575,59760,-4.81%,6.45%,0.14PP,16.69%,-0.48PP,1.08%,-0.01PP,1.15%,-0.30PP,1.13%,-0.02PP,4.50,25.8
MX,Aguascalientes,2024-09-02 / 2024-09-08,135900,-9.43%,951298,-9.43%,351,62259,-3.85%,6.54%,0.38PP,17.26%,0.33PP,1.13%,0.09PP,1.82%,-0.12PP,1.60%,0.20PP,4.52,24.4
MX,Celaya,2024-09-02 / 2024-09-08,62762,-9.39%,439337,-9.39%,411,26181,-6.59%,5.96%,0.18PP,19.52%,0.61PP,1.16%,0.07PP,1.31%,-0.61PP,1.24%,0.25PP,4.45,20.3
MX,Reynosa,2024-09-02 / 2024-09-08,0,-,0,-,-,0,-,-,0.00PP,-,0.00PP,-,0.00PP,-,0.00PP,-,0.00PP,-,-
MX,Monterrey,2024-09-02 / 2024-09-08,933108,-8.89%,6531757,-8.89%,478,432818,-5.57%,6.63%,0.23PP,16.20%,-0.00PP,1.07%,0.04PP,1.85%,-0.07PP,1.16%,-0.15PP,4.47,31.1
MX,Mexico City,2024-09-02 / 2024-09-08,2243845,-10.18%,15706916,-10.18%,383,956411,-7.24%,6.09%,0.19PP,15.20%,0.85PP,0.93%,0.08PP,1.93%,-0.02PP,2.13%,-0.14PP,4.45,42.0
MX,Toluca,2024-09-02 / 2024-09-08,193950,-10.82%,1357649,-10.82%,310,82046,-6.46%,6.04%,0.28PP,16.53%,0.92PP,1.00%,0.10PP,1.89%,-0.05PP,2.07%,0.09PP,4.33,27.2
CO,Valledupar,2024-09-02 / 2024-09-08,0,-,0,-,-,0,-,-,0.00PP,-,0.00PP,-,0.00PP,-,0.00PP,-,0.00PP,-,-
CO,Ibagué,2024-09-02 / 2024-09-08,0,-,0,-,-,0,-,-,0.00PP,-,0.00PP,-,0.00PP,-,0.00PP,-,0.00PP,-,-
CO,Santa marta,2024-09-02 / 2024-09-08,0,-,0,-,-,0,-,-,0.00PP,-,0.00PP,-,0.00PP,-,0.00PP,-,0.00PP,-,-
CO,Barranquilla,2024-09-02 / 2024-09-08,233346,2.20%,1633423,2.20%,724,123339,2.76%,7.55%,0.04PP,11.93%,0.04PP,0.90%,0.01PP,1.46%,0.21PP,2.26%,-0.12PP,4.35,36.3
CO,Cartagena,2024-09-02 / 2024-09-08,79246,-9.80%,554724,-9.80%,2025,31654,-0.81%,5.71%,0.52PP,7.80%,0.35PP,0.45%,0.06PP,3.22%,0.22PP,2.72%,-0.64PP,4.59,10.2
CO,Cali,2024-09-02 / 2024-09-08,409265,-2.27%,2864852,-2.27%,552,193498,-2.57%,6.75%,-0.02PP,13.28%,0.23PP,0.90%,0.01PP,1.54%,-0.07PP,2.42%,-0.40PP,4.38,38.8
CO,Bucaramanga,2024-09-02 / 2024-09-08,76515,4.33%,535605,4.33%,643,42577,5.46%,7.95%,0.09PP,11.37%,-0.73PP,0.90%,-0.05PP,1.59%,0.06PP,2.60%,0.64PP,4.44,21.4
CO,Cúcuta,2024-09-02 / 2024-09-08,23736,17.20%,166153,17.20%,827,10360,22.10%,6.24%,0.25PP,8.47%,0.53PP,0.53%,0.05PP,4.24%,-1.05PP,1.21%,-1.47PP,5.12,8.3
CO,Pereira,2024-09-02 / 2024-09-08,0,-,0,-,-,0,-,-,0.00PP,-,0.00PP,-,0.00PP,-,0.00PP,-,0.00PP,-,-
CO,Manizales,2024-09-02 / 2024-09-08,0,-,0,-,-,0,-,-,0.00PP,-,0.00PP,-,0.00PP,-,0.00PP,-,0.00PP,-,-
CO,Villavicencio,2024-09-02 / 2024-09-08,0,-,0,-,-,0,-,-,0.00PP,-,0.00PP,-,0.00PP,-,0.00PP,-,0.00PP,-,-
CO,Medellín,2024-09-02 / 2024-09-08,689805,-3.13%,4828637,-3.13%,652,338252,-3.50%,7.01%,-0.03PP,14.69%,0.56PP,1.03%,0.04PP,1.07%,-0.06PP,2.23%,-0.08PP,4.40,52.7
CO,"Bogotá, D.C.",2024-09-02 / 2024-09-08,859649,7.43%,6017540,7.43%,462,381138,7.99%,6.33%,0.03PP,13.66%,-0.18PP,0.87%,-0.01PP,1.74%,-0.00PP,3.09%,0.17PP,4.29,46.5
CR,Liberia,2024-09-02 / 2024-09-08,-,-,-,-,-,-,-,-,0.00PP,-,0.00PP,-,0.00PP,-,0.00PP,-,0.00PP,-,-
CR,Limon,2024-09-02 / 2024-09-08,-,-,-,-,-,-,-,-,0.00PP,-,0.00PP,-,0.00PP,-,0.00PP,-,0.00PP,-,-
CR,San Jose,2024-09-02 / 2024-09-08,288752,-7.38%,2021262,-7.38%,308,119991,-6.34%,5.94%,0.07PP,14.33%,0.53PP,0.85%,0.04PP,1.86%,-0.07PP,2.19%,0.01PP,4.28,30.6
PE,Arequipa,2024-09-02 / 2024-09-08,-,-,-,-,-,-,-,-,0.00PP,-,0.00PP,-,0.00PP,-,0.00PP,-,0.00PP,-,-
PE,Trujillo,2024-09-02 / 2024-09-08,-,-,-,-,-,-,-,-,0.00PP,-,0.00PP,-,0.00PP,-,0.00PP,-,0.00PP,-,-
PE,Lima,2024-09-02 / 2024-09-08,321443,-5.70%,2250103,-5.70%,282,137099,-4.28%,6.09%,0.09PP,13.36%,-0.17PP,0.81%,0.00PP,1.64%,-0.11PP,2.08%,-0.32PP,4.23,32.5
MX,Carmen,2024-08-26 / 2024-09-01,23243,-4.98%,162699,-4.98%,594,9628,1.42%,5.92%,0.37PP,15.79%,-0.73PP,0.93%,0.02PP,3.43%,-0.17PP,1.34%,0.17PP,4.50,10.7
MX,Las Choapas,2024-08-26 / 2024-09-01,10557,-5.98%,73902,-5.98%,371,4363,1.47%,5.90%,0.43PP,15.36%,-0.18PP,0.91%,0.06PP,3.09%,0.46PP,1.63%,0.50PP,4.38,9.8
MX,Cordoba,2024-08-26 / 2024-09-01,49767,0.61%,348367,0.61%,395,22709,1.25%,6.52%,0.04PP,15.84%,0.37PP,1.03%,0.03PP,2.22%,-0.02PP,1.09%,-0.29PP,4.71,16.6
MX,Orizaba,2024-08-26 / 2024-09-01,0,-,0,-,-,0,-,-,0.00PP,-,0.00PP,-,0.00PP,-,0.00PP,-,0.00PP,-,-
MX,Zamora,2024-08-26 / 2024-09-01,-,-,-,-,-,-,-,-,0.00PP,-,0.00PP,-,0.00PP,-,0.00PP,-,0.00PP,-,-
MX,Comitan de Dominguez,2024-08-26 / 2024-09-01,-,-,-,-,-,-,-,-,0.00PP,-,0.00PP,-,0.00PP,-,0.00PP,-,0.00PP,-,-
MX,Chilpancingo de los Bravo,2024-08-26 / 2024-09-01,0,-,0,-,-,0,-,-,0.00PP,-,0.00PP,-,0.00PP,-,0.00PP,-,0.00PP,-,-
MX,La Piedad,2024-08-26 / 2024-09-01,-,-,-,-,-,-,-,-,0.00PP,-,0.00PP,-,0.00PP,-,0.00PP,-,0.00PP,-,-
MX,Minatitlan,2024-08-26 / 2024-09-01,-,-,-,-,-,-,-,-,0.00PP,-,0.00PP,-,0.00PP,-,0.00PP,-,0.00PP,-,-
MX,Uruapan,2024-08-26 / 2024-09-01,0,-,0,-,-,0,-,-,0.00PP,-,0.00PP,-,0.00PP,-,0.00PP,-,0.00PP,-,-
MX,Abejones,2024-08-26 / 2024-09-01,-,-,-,-,-,-,-,-,0.00PP,-,0.00PP,-,0.00PP,-,0.00PP,-,0.00PP,-,-
MX,Tulancingo,2024-08-26 / 2024-09-01,-,-,-,-,-,-,-,-,0.00PP,-,0.00PP,-,0.00PP,-,0.00PP,-,0.00PP,-,-
MX,Apizaco,2024-08-26 / 2024-09-01,-,-,-,-,-,-,-,-,0.00PP,-,0.00PP,-,0.00PP,-,0.00PP,-,0.00PP,-,-
MX,Tuxtla Gutierrez,2024-08-26 / 2024-09-01,218105,5.91%,1526735,5.91%,823,94610,1.46%,6.20%,-0.27PP,15.62%,0.06PP,0.97%,-0.04PP,0.95%,0.09PP,1.27%,0.04PP,4.55,26.1
MX,Xalapa,2024-08-26 / 2024-09-01,44153,9.14%,309073,9.14%,276,18299,6.83%,5.92%,-0.13PP,12.43%,-0.62PP,0.74%,-0.05PP,2.46%,0.47PP,2.62%,0.89PP,4.21,22.5
MX,Tapachula,2024-08-26 / 2024-09-01,27073,-0.85%,189514,-0.85%,443,11115,-2.03%,5.87%,-0.07PP,14.04%,0.43PP,0.82%,0.02PP,2.11%,-0.94PP,1.34%,-0.35PP,4.38,15.3
MX,Tlaxcala,2024-08-26 / 2024-09-01,49045,6.57%,343314,6.57%,356,21575,5.41%,6.28%,-0.07PP,15.52%,-0.21PP,0.98%,-0.02PP,2.48%,0.57PP,1.48%,-0.55PP,4.44,19.3
MX,Poza Rica de Hidalgo,2024-08-26 / 2024-09-01,18314,-0.32%,128199,-0.32%,362,7995,-2.88%,6.24%,-0.16PP,14.30%,-0.06PP,0.89%,-0.03PP,2.95%,1.19PP,1.15%,0.79PP,4.63,11.3
MX,San Cristobal de las Casas,2024-08-26 / 2024-09-01,27189,11.96%,190325,11.96%,453,11042,15.26%,5.80%,0.17PP,14.84%,-1.38PP,0.86%,-0.05PP,2.32%,0.79PP,1.24%,0.00PP,4.54,17.7
MX,Pachuca,2024-08-26 / 2024-09-01,52545,1.11%,367817,1.11%,213,22057,0.07%,6.00%,-0.06PP,16.17%,0.07PP,0.97%,-0.01PP,2.63%,0.74PP,1.77%,0.16PP,4.49,22.8
MX,Tehuacan,2024-08-26 / 2024-09-01,30738,1.83%,215168,1.83%,330,11546,-0.23%,5.37%,-0.11PP,14.84%,-0.65PP,0.80%,-0.05PP,1.66%,0.28PP,1.04%,-0.38PP,4.52,18.8
MX,Oaxaca,2024-08-26 / 2024-09-01,151188,13.02%,1058316,13.02%,389,67328,7.30%,6.36%,-0.34PP,15.94%,-0.81PP,1.01%,-0.11PP,2.19%,0.36PP,1.63%,0.35PP,4.35,32.5
MX,Puebla,2024-08-26 / 2024-09-01,379713,10.18%,2657991,10.18%,396,162211,5.62%,6.10%,-0.26PP,15.43%,-0.96PP,0.94%,-0.10PP,1.85%,0.22PP,1.74%,-0.14PP,4.42,33.7
MX,Merida,2024-08-26 / 2024-09-01,174911,-0.01%,1224380,-0.01%,414,72122,-0.57%,5.89%,-0.03PP,14.45%,0.11PP,0.85%,0.00PP,2.31%,0.27PP,1.73%,0.03PP,4.39,21.0
MX,Veracruz,2024-08-26 / 2024-09-01,126656,3.77%,886589,3.77%,373,54412,1.81%,6.14%,-0.12PP,15.00%,-0.28PP,0.92%,-0.04PP,1.72%,0.17PP,1.57%,0.00PP,4.49,25.6
MX,Coatzacoalcos,2024-08-26 / 2024-09-01,31027,-1.10%,217188,-1.10%,442,13195,-1.24%,6.08%,-0.01PP,12.87%,0.02PP,0.78%,-0.00PP,2.23%,0.26PP,1.88%,0.51PP,4.43,15.2
MX,Campeche,2024-08-26 / 2024-09-01,49179,-0.71%,344256,-0.71%,430,22617,0.31%,6.57%,0.07PP,14.86%,0.29PP,0.98%,0.03PP,2.15%,0.17PP,1.03%,-0.01PP,4.57,16.8
MX,Solidaridad,2024-08-26 / 2024-09-01,28370,1.21%,198589,1.21%,320,10783,0.81%,5.43%,-0.02PP,15.13%,-0.65PP,0.82%,-0.04PP,2.31%,0.53PP,1.61%,-0.24PP,4.46,18.7
MX,Morelia,2024-08-26 / 2024-09-01,191163,-0.90%,1338142,-0.90%,406,93277,-0.74%,6.97%,0.01PP,17.62%,0.51PP,1.23%,0.04PP,1.44%,-0.06PP,1.36%,-0.18PP,4.44,35.3
MX,Acapulco,2024-08-26 / 2024-09-01,36021,-2.61%,252145,-2.61%,496,16394,2.71%,6.50%,0.34PP,13.57%,-0.80PP,0.88%,-0.00PP,1.58%,0.51PP,1.80%,0.46PP,4.44,10.6
MX,Cancun,2024-08-26 / 2024-09-01,239053,9.35%,1673373,9.35%,693,90552,5.07%,5.41%,-0.22PP,15.45%,-0.76PP,0.84%,-0.08PP,1.75%,0.40PP,1.65%,-0.26PP,4.41,28.7
MX,Cuernavaca,2024-08-26 / 2024-09-01,186863,0.08%,1308040,0.08%,430,80294,-0.52%,6.14%,-0.04PP,16.49%,-0.26PP,1.01%,-0.02PP,2.05%,0.50PP,1.69%,-0.05PP,4.50,22.3
MX,Villahermosa,2024-08-26 / 2024-09-01,187380,-0.47%,1311659,-0.47%,537,82591,-1.48%,6.30%,-0.06PP,14.19%,0.08PP,0.89%,-0.00PP,1.84%,-0.11PP,1.34%,0.05PP,4.42,37.9
MX,Chetumal,2024-08-26 / 2024-09-01,24557,-0.91%,171896,-0.91%,571,10441,4.55%,6.07%,0.32PP,17.60%,1.23PP,1.07%,0.13PP,3.36%,0.35PP,1.34%,0.01PP,4.48,11.1
MX,Navojoa,2024-08-26 / 2024-09-01,30089,1.61%,210623,1.61%,527,14300,1.20%,6.79%,-0.03PP,14.67%,-0.11PP,1.00%,-0.01PP,1.34%,0.51PP,0.95%,-0.11PP,4.45,14.7
MX,Guaymas,2024-08-26 / 2024-09-01,0,-,0,-,-,0,-,-,0.00PP,-,0.00PP,-,0.00PP,-,0.00PP,-,0.00PP,-,-
MX,Ciudad Obregon,2024-08-26 / 2024-09-01,111365,7.00%,779557,7.00%,618,51882,3.64%,6.66%,-0.22PP,15.65%,-0.90PP,1.04%,-0.10PP,1.92%,-0.14PP,1.29%,-0.29PP,4.34,23.8
MX,Ensenada,2024-08-26 / 2024-09-01,187050,1.60%,1309351,1.60%,533,88806,1.47%,6.78%,-0.01PP,19.44%,-0.06PP,1.32%,-0.01PP,1.20%,-0.14PP,1.12%,-0.11PP,4.45,32.6
MX,Hermosillo,2024-08-26 / 2024-09-01,193561,2.40%,1354929,2.40%,411,88952,1.77%,6.57%,-0.04PP,14.52%,0.27PP,0.95%,0.01PP,2.18%,0.18PP,1.72%,-0.03PP,4.25,26.5
MX,Nogales(SON),2024-08-26 / 2024-09-01,2,-76.09%,11,-76.09%,-,0,-100.00%,0.00%,-8.70PP,-,0.00PP,0.00%,0.00PP,-,0.00PP,-,0.00PP,-,-
MX,Mexicali,2024-08-26 / 2024-09-01,359221,1.91%,2514547,1.91%,716,181596,-0.61%,7.22%,-0.18PP,18.08%,0.29PP,1.31%,-0.01PP,1.20%,-0.08PP,1.22%,-0.05PP,4.43,35.4
MX,Los Cabos,2024-08-26 / 2024-09-01,61232,2.72%,428625,2.72%,321,29803,-0.23%,6.95%,-0.21PP,17.75%,-0.45PP,1.23%,-0.07PP,1.75%,-0.02PP,1.53%,-0.18PP,4.28,18.4
MX,Manzanillo,2024-08-26 / 2024-09-01,48464,6.83%,339251,6.83%,539,21820,4.63%,6.43%,-0.14PP,18.66%,-0.15PP,1.20%,-0.04PP,2.16%,0.85PP,1.05%,0.26PP,4.56,14.7
MX,Puerto Vallarta,2024-08-26 / 2024-09-01,63942,3.81%,447593,3.81%,313,30744,0.18%,6.87%,-0.25PP,18.43%,-0.45PP,1.27%,-0.08PP,1.76%,-0.13PP,1.93%,-0.00PP,4.37,16.0
MX,Tepic,2024-08-26 / 2024-09-01,155720,3.52%,1090041,3.52%,443,71233,0.35%,6.53%,-0.21PP,16.57%,-0.42PP,1.08%,-0.06PP,1.45%,-0.16PP,1.23%,0.07PP,4.52,30.0
MX,Guadalajara,2024-08-26 / 2024-09-01,1159687,5.66%,8117810,5.66%,416,521991,1.26%,6.43%,-0.28PP,17.75%,-0.47PP,1.14%,-0.08PP,1.54%,0.07PP,1.49%,-0.06PP,4.45,41.6
MX,La Paz,2024-08-26 / 2024-09-01,108354,4.21%,758481,4.21%,520,51245,4.66%,6.76%,0.03PP,16.09%,-0.02PP,1.09%,0.00PP,1.66%,0.14PP,1.42%,-0.07PP,4.39,19.5
MX,Colima,2024-08-26 / 2024-09-01,102637,6.53%,718458,6.53%,597,47412,4.71%,6.60%,-0.11PP,17.23%,-0.91PP,1.14%,-0.08PP,1.18%,0.26PP,1.04%,-0.07PP,4.60,22.3
MX,Mazatlan,2024-08-26 / 2024-09-01,125568,0.51%,878978,0.51%,487,50133,0.63%,5.70%,0.01PP,14.16%,-0.08PP,0.81%,-0.00PP,2.01%,-0.04PP,1.01%,-0.22PP,4.62,24.3
MX,Los Mochis-Guasave,2024-08-26 / 2024-09-01,97880,5.61%,685159,5.61%,477,45360,3.00%,6.62%,-0.17PP,14.48%,-0.09PP,0.96%,-0.03PP,2.00%,0.06PP,1.39%,0.24PP,4.39,22.1
MX,Tijuana,2024-08-26 / 2024-09-01,297778,-1.91%,2084444,-1.91%,439,139121,-3.35%,6.67%,-0.10PP,18.07%,0.18PP,1.21%,-0.01PP,1.80%,0.07PP,1.48%,-0.11PP,4.41,26.4
MX,Culiacan,2024-08-26 / 2024-09-01,253017,14.18%,1771117,14.18%,552,108170,7.01%,6.11%,-0.41PP,14.41%,-1.14PP,0.88%,-0.13PP,1.84%,0.20PP,1.64%,0.09PP,4.25,30.0
MX,San Miguel de Allende,2024-08-26 / 2024-09-01,2,-47.83%,12,-47.83%,0,1,0.00%,8.33%,3.99PP,0.00%,0.00PP,0.00%,0.00PP,-,0.00PP,-,0.00PP,-,-
MX,Guanajuato,2024-08-26 / 2024-09-01,-,-,-,-,-,-,-,-,0.00PP,-,0.00PP,-,0.00PP,-,0.00PP,-,0.00PP,-,-
MX,Valles City,2024-08-26 / 2024-09-01,-,-,-,-,-,-,-,-,0.00PP,-,0.00PP,-,0.00PP,-,0.00PP,-,0.00PP,-,-
MX,Piedras Negras,2024-08-26 / 2024-09-01,-,-,-,-,-,-,-,-,0.00PP,-,0.00PP,-,0.00PP,-,0.00PP,-,0.00PP,-,-
MX,Zacatecas,2024-08-26 / 2024-09-01,62240,8.31%,435679,8.31%,304,26320,5.52%,6.04%,-0.16PP,17.47%,-1.72PP,1.06%,-0.13PP,2.65%,0.68PP,1.52%,0.08PP,4.55,19.0
MX,Chihuahua,2024-08-26 / 2024-09-01,186386,4.81%,1304705,4.81%,368,86018,4.65%,6.59%,-0.01PP,13.62%,-1.34PP,0.90%,-0.09PP,2.61%,-0.06PP,1.72%,0.35PP,4.43,32.2
MX,Nuevo Laredo,2024-08-26 / 2024-09-01,72686,4.46%,508802,4.46%,830,32992,-1.13%,6.48%,-0.37PP,13.93%,-0.82PP,0.90%,-0.11PP,1.22%,0.33PP,1.38%,0.12PP,4.50,13.8
MX,Salamanca,2024-08-26 / 2024-09-01,15873,0.08%,111114,0.08%,298,6126,-0.62%,5.51%,-0.04PP,18.28%,0.89PP,1.01%,0.04PP,2.90%,1.29PP,0.85%,-0.03PP,4.67,13.0
MX,San Luis Potosi,2024-08-26 / 2024-09-01,164241,1.11%,1149686,1.11%,346,76521,0.29%,6.66%,-0.05PP,19.37%,-0.69PP,1.29%,-0.06PP,1.70%,0.18PP,1.55%,0.11PP,4.45,23.9
MX,Monclova,2024-08-26 / 2024-09-01,6,-11.36%,39,-11.36%,-,1,-,2.56%,2.56PP,0.00%,0.00PP,0.00%,0.00PP,-,0.00PP,-,0.00PP,-,-
MX,Torreon,2024-08-26 / 2024-09-01,203309,10.83%,1423160,10.83%,456,88403,6.79%,6.21%,-0.23PP,15.52%,-1.37PP,0.96%,-0.12PP,1.85%,0.28PP,1.50%,0.08PP,4.45,22.1
MX,Matamoros,2024-08-26 / 2024-09-01,139725,1.94%,978076,1.94%,727,63052,-0.36%,6.45%,-0.15PP,16.00%,0.16PP,1.03%,-0.01PP,1.16%,-0.17PP,1.46%,0.05PP,4.50,22.6
MX,Jaurez CHIH,2024-08-26 / 2024-09-01,380665,3.54%,2664656,3.54%,656,170230,0.26%,6.39%,-0.21PP,16.14%,-0.99PP,1.03%,-0.10PP,1.58%,0.07PP,1.73%,0.30PP,4.39,24.7
MX,Leon,2024-08-26 / 2024-09-01,196745,2.23%,1377212,2.23%,281,84572,0.86%,6.14%,-0.08PP,16.28%,-0.18PP,1.00%,-0.03PP,2.07%,0.26PP,1.70%,0.07PP,4.47,26.5
MX,Victoria,2024-08-26 / 2024-09-01,99949,9.67%,699641,9.67%,603,43886,8.45%,6.27%,-0.07PP,12.91%,-1.56PP,0.81%,-0.11PP,1.89%,0.52PP,1.48%,0.14PP,4.41,22.7
MX,Irapuato,2024-08-26 / 2024-09-01,59947,1.67%,419632,1.67%,312,23665,1.79%,5.64%,0.01PP,15.76%,-0.69PP,0.89%,-0.04PP,2.65%,0.80PP,1.17%,-0.36PP,4.61,21.6
MX,San Juan del Río,2024-08-26 / 2024-09-01,41208,4.78%,288457,4.78%,410,18324,3.22%,6.35%,-0.10PP,18.71%,-0.43PP,1.19%,-0.05PP,1.72%,-0.53PP,1.41%,-0.03PP,4.56,17.1
MX,Queretaro,2024-08-26 / 2024-09-01,213195,4.46%,1492363,4.46%,334,91014,0.98%,6.10%,-0.21PP,17.48%,-0.44PP,1.07%,-0.06PP,1.37%,-0.05PP,1.40%,0.14PP,4.63,27.9
MX,Saltillo,2024-08-26 / 2024-09-01,122044,16.33%,854311,16.33%,608,46173,4.64%,5.40%,-0.60PP,15.09%,-1.37PP,0.82%,-0.17PP,2.11%,0.12PP,1.80%,0.34PP,4.40,18.3
MX,Delicias,2024-08-26 / 2024-09-01,31704,-1.86%,221930,-1.86%,423,15174,-1.74%,6.84%,0.01PP,20.13%,-0.27PP,1.38%,-0.02PP,1.07%,0.26PP,0.78%,-0.41PP,4.60,19.7
MX,Durango,2024-08-26 / 2024-09-01,218339,3.75%,1528371,3.75%,466,98208,-0.25%,6.43%,-0.26PP,18.78%,-0.26PP,1.21%,-0.07PP,1.81%,-0.56PP,1.59%,0.00PP,4.47,33.9
MX,Celaya,2024-08-26 / 2024-09-01,69265,6.55%,484856,6.55%,459,28027,4.42%,5.78%,-0.12PP,18.91%,-0.60PP,1.09%,-0.06PP,1.92%,0.46PP,1.00%,-0.17PP,4.49,19.8
MX,Tampico,2024-08-26 / 2024-09-01,142238,4.09%,995667,4.09%,605,62783,4.05%,6.31%,-0.00PP,17.18%,-0.71PP,1.08%,-0.04PP,1.45%,0.14PP,1.16%,0.23PP,4.53,25.9
MX,Aguascalientes,2024-08-26 / 2024-09-01,150051,6.40%,1050354,6.40%,391,64754,2.32%,6.16%,-0.25PP,16.93%,-0.60PP,1.04%,-0.08PP,1.94%,0.04PP,1.40%,0.23PP,4.57,23.1
MX,Reynosa,2024-08-26 / 2024-09-01,0,-,0,-,-,0,-,-,0.00PP,-,0.00PP,-,0.00PP,-,0.00PP,-,0.00PP,-,-
MX,Monterrey,2024-08-26 / 2024-09-01,1024134,11.72%,7168938,11.72%,524,458351,5.27%,6.39%,-0.39PP,16.21%,-1.20PP,1.04%,-0.15PP,1.92%,0.30PP,1.31%,0.12PP,4.40,31.3
MX,Mexico City,2024-08-26 / 2024-09-01,2498034,4.13%,17486238,4.13%,430,1031104,0.52%,5.90%,-0.21PP,14.35%,-0.58PP,0.85%,-0.07PP,1.96%,0.03PP,2.27%,0.10PP,4.43,36.6
MX,Toluca,2024-08-26 / 2024-09-01,217479,1.30%,1522351,1.30%,347,87709,0.67%,5.76%,-0.04PP,15.61%,-0.12PP,0.90%,-0.01PP,1.94%,-0.36PP,1.98%,0.10PP,4.36,24.4
CO,Valledupar,2024-08-26 / 2024-09-01,0,-,0,-,-,0,-,-,0.00PP,-,0.00PP,-,0.00PP,-,0.00PP,-,0.00PP,-,-
CO,Santa marta,2024-08-26 / 2024-09-01,0,-,0,-,-,0,-,-,0.00PP,-,0.00PP,-,0.00PP,-,0.00PP,-,0.00PP,-,-
CO,Ibagué,2024-08-26 / 2024-09-01,0,-,0,-,-,0,-,-,0.00PP,-,0.00PP,-,0.00PP,-,0.00PP,-,0.00PP,-,-
CO,Barranquilla,2024-08-26 / 2024-09-01,228333,-2.14%,1598330,-2.14%,722,120028,-3.95%,7.51%,-0.14PP,11.89%,-0.43PP,0.89%,-0.05PP,1.25%,-0.26PP,2.39%,0.08PP,4.36,34.6
CO,Cartagena,2024-08-26 / 2024-09-01,87855,4.91%,614984,4.91%,2295,31913,-3.64%,5.19%,-0.46PP,7.45%,0.39PP,0.39%,-0.01PP,3.00%,0.54PP,3.36%,0.62PP,4.64,10.4
CO,Cali,2024-08-26 / 2024-09-01,418772,-2.97%,2931404,-2.97%,567,198596,-4.20%,6.77%,-0.09PP,13.06%,-0.21PP,0.88%,-0.03PP,1.61%,0.16PP,2.82%,0.27PP,4.30,36.7
CO,Bucaramanga,2024-08-26 / 2024-09-01,73341,0.62%,513385,0.62%,602,40374,-0.91%,7.86%,-0.12PP,12.10%,-0.02PP,0.95%,-0.02PP,1.53%,0.21PP,1.96%,-0.10PP,4.51,22.3
CO,Cúcuta,2024-08-26 / 2024-09-01,20252,11.03%,141765,11.03%,650,8485,5.22%,5.99%,-0.33PP,7.94%,-0.84PP,0.48%,-0.08PP,5.30%,1.25PP,2.68%,0.69PP,4.87,8.2
CO,Pereira,2024-08-26 / 2024-09-01,0,-,0,-,-,0,-,-,0.00PP,-,0.00PP,-,0.00PP,-,0.00PP,-,0.00PP,-,-
CO,Manizales,2024-08-26 / 2024-09-01,0,-,0,-,-,0,-,-,0.00PP,-,0.00PP,-,0.00PP,-,0.00PP,-,0.00PP,-,-
CO,Villavicencio,2024-08-26 / 2024-09-01,0,-,0,-,-,0,-,-,0.00PP,-,0.00PP,-,0.00PP,-,0.00PP,-,0.00PP,-,-
CO,Medellín,2024-08-26 / 2024-09-01,712083,-0.67%,4984578,-0.67%,666,350534,-3.52%,7.03%,-0.21PP,14.13%,-0.12PP,0.99%,-0.04PP,1.13%,-0.08PP,2.31%,0.04PP,4.40,50.2
CO,"Bogotá, D.C.",2024-08-26 / 2024-09-01,800158,-5.91%,5601108,-5.91%,428,352946,-6.84%,6.30%,-0.06PP,13.84%,0.37PP,0.87%,0.01PP,1.74%,0.07PP,2.92%,-0.22PP,4.30,43.7
CR,Limon,2024-08-26 / 2024-09-01,-,-,-,-,-,-,-,-,0.00PP,-,0.00PP,-,0.00PP,-,0.00PP,-,0.00PP,-,-
CR,Liberia,2024-08-26 / 2024-09-01,-,-,-,-,-,-,-,-,0.00PP,-,0.00PP,-,0.00PP,-,0.00PP,-,0.00PP,-,-
CR,San Jose,2024-08-26 / 2024-09-01,311746,14.57%,2182221,14.57%,334,128112,10.31%,5.87%,-0.23PP,13.80%,-0.61PP,0.81%,-0.07PP,1.92%,0.02PP,2.18%,0.27PP,4.31,30.1
PE,Arequipa,2024-08-26 / 2024-09-01,-,-,-,-,-,-,-,-,0.00PP,-,0.00PP,-,0.00PP,-,0.00PP,-,0.00PP,-,-
PE,Trujillo,2024-08-26 / 2024-09-01,-,-,-,-,-,-,-,-,0.00PP,-,0.00PP,-,0.00PP,-,0.00PP,-,0.00PP,-,-
PE,Lima,2024-08-26 / 2024-09-01,340870,9.08%,2386092,9.08%,297,143223,4.42%,6.00%,-0.27PP,13.53%,-0.26PP,0.81%,-0.05PP,1.75%,0.16PP,2.40%,0.07PP,4.15,34.4
