organization_type,country_code,city_name,stat_date(周),Daily Orders,R Burn / GMV,B2C / GMV,TED / GMV,Traffic,Shop Enter UV,B P1*P2,B Cancel Rate,AOP,ASP
Normal,MX,San Luis Potosi,2024-12-02 / 2024-12-08,2330,12.10%,0.023800000000000000,0.179500000000000000,1296597,93105,1.36%,1.80%,226.9794000000000,186.2342000000000
Normal,MX,Chetumal,2024-12-02 / 2024-12-08,231,12.07%,0.029100000000000000,0.198100000000000000,156453,11373,1.09%,1.57%,233.6828000000000,187.4017000000000
Normal,MX,Toluca,2024-12-02 / 2024-12-08,2116,16.20%,0.027700000000000000,0.219300000000000000,1485934,97395,1.09%,1.71%,245.5341000000000,191.6769000000000
Normal,MX,Saltillo,2024-12-02 / 2024-12-08,861,11.38%,0.010800000000000000,0.185600000000000000,927801,57475,0.79%,1.80%,293.4771000000000,239.0209000000000
Normal,MX,Reynosa,2024-12-02 / 2024-12-08,0,-,-,-,0,0,-,-,-,-
Normal,MX,Los Cabos,2024-12-02 / 2024-12-08,787,12.15%,0.016500000000000000,0.192500000000000000,401545,30960,1.45%,1.09%,317.9962000000000,256.7803000000000
Normal,MX,Tampico,2024-12-02 / 2024-12-08,1488,22.93%,0.037100000000000000,0.304800000000000000,971160,63737,1.13%,0.89%,258.3918000000000,179.6320000000000
Normal,MX,Cancun,2024-12-02 / 2024-12-08,2013,14.36%,0.028100000000000000,0.211600000000000000,1391446,88499,1.06%,1.13%,275.2105000000000,216.9693000000000
Normal,MX,Merida,2024-12-02 / 2024-12-08,1407,15.29%,0.030400000000000000,0.219000000000000000,1110965,74404,0.95%,2.04%,236.2830000000000,184.5306000000000
Normal,MX,Abejones,2024-12-02 / 2024-12-08,-,-,-,-,-,-,-,-,-,-
Normal,MX,Poza Rica de Hidalgo,2024-12-02 / 2024-12-08,173,15.92%,0.020400000000000000,0.216400000000000000,133559,9452,0.98%,1.74%,229.2011000000000,179.6090000000000
Normal,MX,Tuxtla Gutierrez,2024-12-02 / 2024-12-08,2373,17.44%,0.023100000000000000,0.239400000000000000,1693181,109707,1.01%,0.84%,242.7664000000000,184.6468000000000
Normal,MX,Leon,2024-12-02 / 2024-12-08,2006,19.07%,0.021100000000000000,0.254200000000000000,1346713,89545,1.11%,1.65%,241.9852000000000,180.4807000000000
Normal,MX,Puebla,2024-12-02 / 2024-12-08,3580,23.08%,0.045900000000000000,0.304700000000000000,2545169,168422,1.05%,1.38%,244.0000000000000,169.6552000000000
Normal,MX,Carmen,2024-12-02 / 2024-12-08,215,18.32%,0.034500000000000000,0.265500000000000000,140007,10219,1.14%,1.74%,261.4852000000000,192.0711000000000
Normal,MX,Ensenada,2024-12-02 / 2024-12-08,2633,14.62%,0.016400000000000000,0.192200000000000000,1311572,95962,1.47%,1.01%,270.9344000000000,218.8711000000000
Normal,MX,Salamanca,2024-12-02 / 2024-12-08,199,16.96%,0.047100000000000000,0.242600000000000000,116058,7908,1.27%,1.86%,259.7934000000000,196.7698000000000
Normal,MX,Jaurez CHIH,2024-12-02 / 2024-12-08,4332,13.78%,0.021500000000000000,0.212700000000000000,2876761,205204,1.14%,1.37%,307.9144000000000,242.4235000000000
Normal,MX,Solidaridad,2024-12-02 / 2024-12-08,222,12.28%,0.006100000000000000,0.185300000000000000,170371,11170,0.95%,1.32%,304.7884000000000,248.3008000000000
Normal,MX,Zacatecas,2024-12-02 / 2024-12-08,659,12.49%,0.019500000000000000,0.175200000000000000,438376,29550,1.16%,2.20%,239.2534000000000,197.3283000000000
Normal,MX,Matamoros,2024-12-02 / 2024-12-08,1221,11.40%,0.025500000000000000,0.185600000000000000,1212142,77608,0.85%,1.47%,261.1213000000000,212.6608000000000
Normal,MX,Aguascalientes,2024-12-02 / 2024-12-08,1916,15.08%,0.019300000000000000,0.201700000000000000,1084238,76133,1.29%,1.64%,231.6878000000000,184.9585000000000
Normal,MX,Pachuca,2024-12-02 / 2024-12-08,492,16.16%,0.022900000000000000,0.215800000000000000,348874,21948,1.08%,1.36%,235.6897000000000,184.8320000000000
Normal,MX,Mazatlan,2024-12-02 / 2024-12-08,938,13.23%,0.015400000000000000,0.176200000000000000,691844,44083,1.02%,1.79%,257.6817000000000,212.2735000000000
Normal,MX,Coatzacoalcos,2024-12-02 / 2024-12-08,275,21.72%,0.045900000000000000,0.296500000000000000,254029,16779,0.80%,1.56%,291.1446000000000,204.8202000000000
Normal,MX,Mexico City,2024-12-02 / 2024-12-08,23946,15.81%,0.059400000000000000,0.257800000000000000,18465093,1207104,0.97%,1.58%,254.0566000000000,188.5576000000000
Normal,MX,Villahermosa,2024-12-02 / 2024-12-08,1634,18.15%,0.026100000000000000,0.237500000000000000,1230734,80291,0.97%,1.89%,259.1499000000000,197.5936000000000
Normal,MX,Tepic,2024-12-02 / 2024-12-08,1798,18.98%,0.017200000000000000,0.236900000000000000,1053019,73108,1.24%,1.32%,249.2298000000000,190.1944000000000
Normal,MX,Los Mochis-Guasave,2024-12-02 / 2024-12-08,927,11.77%,0.022300000000000000,0.173700000000000000,605700,42049,1.13%,1.67%,237.3227000000000,196.1032000000000
Normal,MX,Cordoba,2024-12-02 / 2024-12-08,547,12.35%,0.023600000000000000,0.192200000000000000,328880,23753,1.22%,1.79%,241.2572000000000,194.8761000000000
Normal,MX,Veracruz,2024-12-02 / 2024-12-08,1290,15.23%,0.033500000000000000,0.219600000000000000,945765,64230,1.00%,1.22%,225.9279000000000,176.3237000000000
Normal,MX,Manzanillo,2024-12-02 / 2024-12-08,600,11.41%,0.011000000000000000,0.163800000000000000,311110,22533,1.40%,1.45%,285.4319000000000,238.6656000000000
Normal,MX,Chihuahua,2024-12-02 / 2024-12-08,1812,16.09%,0.022400000000000000,0.218700000000000000,1337840,94342,1.03%,2.19%,280.9425000000000,219.5075000000000
Normal,MX,Monclova,2024-12-02 / 2024-12-08,0,-,-,-,19,3,0.00%,-,-,-
Normal,MX,Tehuacan,2024-12-02 / 2024-12-08,270,16.53%,0.026700000000000000,0.226400000000000000,217759,13785,0.92%,1.23%,245.6335000000000,190.0238000000000
Normal,MX,Mexicali,2024-12-02 / 2024-12-08,5109,14.93%,0.028300000000000000,0.211400000000000000,2649837,200695,1.42%,1.18%,287.8866000000000,227.0266000000000
Normal,MX,Irapuato,2024-12-02 / 2024-12-08,569,13.21%,0.022300000000000000,0.190400000000000000,454916,28629,1.01%,1.80%,250.4866000000000,202.7983000000000
Normal,MX,Chilpancingo de los Bravo,2024-12-02 / 2024-12-08,0,-,-,-,0,0,-,-,-,-
Normal,MX,Tapachula,2024-12-02 / 2024-12-08,266,17.76%,0.020100000000000000,0.238700000000000000,182412,12547,1.09%,2.10%,282.3289000000000,214.9311000000000
Normal,MX,Ciudad Obregon,2024-12-02 / 2024-12-08,1253,21.00%,0.020400000000000000,0.258800000000000000,699213,50757,1.32%,1.62%,246.6128000000000,182.7826000000000
Normal,MX,Celaya,2024-12-02 / 2024-12-08,800,12.01%,0.018200000000000000,0.171500000000000000,448254,30541,1.30%,1.71%,240.2956000000000,199.0852000000000
Normal,MX,Las Choapas,2024-12-02 / 2024-12-08,93,24.03%,0.049300000000000000,0.330000000000000000,70059,4527,0.99%,2.34%,282.3296000000000,189.1660000000000
Normal,MX,Orizaba,2024-12-02 / 2024-12-08,0,-,-,-,0,0,-,-,-,-
Normal,MX,Tijuana,2024-12-02 / 2024-12-08,3321,13.95%,0.022500000000000000,0.206100000000000000,2024442,146383,1.27%,1.61%,286.9779000000000,227.8251000000000
Normal,MX,Oaxaca,2024-12-02 / 2024-12-08,1714,23.23%,0.021700000000000000,0.274600000000000000,1006642,71480,1.23%,1.51%,275.5127000000000,199.8563000000000
Normal,MX,Nogales(SON),2024-12-02 / 2024-12-08,0,-,-,-,12,0,0.00%,-,-,-
Normal,MX,Cuernavaca,2024-12-02 / 2024-12-08,1985,18.43%,0.031200000000000000,0.243700000000000000,1313333,90014,1.13%,1.34%,243.3123000000000,184.0181000000000
Normal,MX,Tlaxcala,2024-12-02 / 2024-12-08,533,17.24%,0.035500000000000000,0.242200000000000000,354399,24203,1.12%,1.40%,260.7985000000000,197.6265000000000
Normal,MX,Puerto Vallarta,2024-12-02 / 2024-12-08,779,16.10%,0.020100000000000000,0.212200000000000000,411188,30709,1.44%,1.41%,277.1572000000000,218.3494000000000
Normal,MX,San Cristobal de las Casas,2024-12-02 / 2024-12-08,246,13.47%,0.014500000000000000,0.186600000000000000,165052,10381,1.08%,1.59%,253.5484000000000,206.2486000000000
Normal,MX,Guanajuato,2024-12-02 / 2024-12-08,-,-,-,-,-,-,-,-,-,-
Normal,MX,Victoria,2024-12-02 / 2024-12-08,707,16.26%,0.022900000000000000,0.245000000000000000,630725,42468,0.87%,1.89%,270.6644000000000,204.3445000000000
Normal,MX,Morelia,2024-12-02 / 2024-12-08,2417,17.77%,0.033900000000000000,0.252900000000000000,1343169,96864,1.30%,1.06%,224.2083000000000,167.5117000000000
Normal,MX,Navojoa,2024-12-02 / 2024-12-08,295,10.91%,0.032600000000000000,0.193900000000000000,196977,14887,1.12%,1.39%,238.7281000000000,192.4469000000000
Normal,MX,Colima,2024-12-02 / 2024-12-08,1350,14.52%,0.025700000000000000,0.216100000000000000,687714,49347,1.42%,0.86%,228.6518000000000,179.2288000000000
Normal,MX,Hermosillo,2024-12-02 / 2024-12-08,1893,20.19%,0.031400000000000000,0.255800000000000000,1335399,93210,1.07%,1.80%,274.5638000000000,204.3429000000000
Normal,MX,Piedras Negras,2024-12-02 / 2024-12-08,-,-,-,-,-,-,-,-,-,-
Normal,MX,La Piedad,2024-12-02 / 2024-12-08,-,-,-,-,-,-,-,-,-,-
Normal,MX,Guaymas,2024-12-02 / 2024-12-08,0,-,-,-,0,0,-,-,-,-
Normal,MX,Campeche,2024-12-02 / 2024-12-08,514,14.41%,0.033100000000000000,0.216600000000000000,308087,22390,1.22%,1.49%,226.2785000000000,177.2707000000000
Normal,MX,Uruapan,2024-12-02 / 2024-12-08,0,-,-,-,0,0,-,-,-,-
Normal,MX,Zamora,2024-12-02 / 2024-12-08,-,-,-,-,-,-,-,-,-,-
Normal,MX,Torreon,2024-12-02 / 2024-12-08,1802,12.88%,0.020000000000000000,0.191500000000000000,1315613,88657,1.07%,1.59%,230.8497000000000,186.6321000000000
Normal,MX,Guadalajara,2024-12-02 / 2024-12-08,13161,19.71%,0.028200000000000000,0.258000000000000000,7970011,531020,1.22%,1.43%,245.2833000000000,181.9952000000000
Normal,MX,Minatitlan,2024-12-02 / 2024-12-08,-,-,-,-,-,-,-,-,-,-
Normal,MX,Valles City,2024-12-02 / 2024-12-08,-,-,-,-,-,-,-,-,-,-
Normal,MX,San Miguel de Allende,2024-12-02 / 2024-12-08,0,-,-,-,5,0,0.00%,-,-,-
Normal,MX,Nuevo Laredo,2024-12-02 / 2024-12-08,610,12.24%,0.009600000000000000,0.182200000000000000,486118,36549,1.00%,1.36%,315.3742000000000,257.9123000000000
Normal,MX,Durango,2024-12-02 / 2024-12-08,2598,13.83%,0.021700000000000000,0.184500000000000000,1878202,123065,1.09%,2.00%,229.0419000000000,186.7876000000000
Normal,MX,San Juan del Río,2024-12-02 / 2024-12-08,499,19.61%,0.039400000000000000,0.272900000000000000,262043,18888,1.41%,1.47%,272.2946000000000,197.9895000000000
Normal,MX,Monterrey,2024-12-02 / 2024-12-08,8391,18.00%,0.021600000000000000,0.258700000000000000,8579982,553445,0.85%,1.97%,287.2750000000000,212.9606000000000
Normal,MX,Delicias,2024-12-02 / 2024-12-08,439,9.27%,0.004800000000000000,0.139500000000000000,216071,15702,1.50%,1.31%,261.7431000000000,225.2186000000000
Normal,MX,Apizaco,2024-12-02 / 2024-12-08,-,-,-,-,-,-,-,-,-,-
Normal,MX,La Paz,2024-12-02 / 2024-12-08,1166,11.26%,0.018600000000000000,0.167300000000000000,668733,51157,1.29%,1.16%,282.5530000000000,235.2866000000000
Normal,MX,Comitan de Dominguez,2024-12-02 / 2024-12-08,-,-,-,-,-,-,-,-,-,-
Normal,MX,Tulancingo,2024-12-02 / 2024-12-08,-,-,-,-,-,-,-,-,-,-
Normal,MX,Queretaro,2024-12-02 / 2024-12-08,2401,16.29%,0.020400000000000000,0.225100000000000000,1474855,98172,1.21%,1.46%,245.6896000000000,190.3756000000000
Normal,MX,Acapulco,2024-12-02 / 2024-12-08,335,12.32%,0.017000000000000000,0.177800000000000000,222346,16912,1.11%,1.64%,272.0195000000000,223.6544000000000
Normal,MX,Xalapa,2024-12-02 / 2024-12-08,341,16.04%,0.032900000000000000,0.238100000000000000,333562,21157,0.78%,1.70%,248.8285000000000,189.5829000000000
Normal,MX,Culiacan,2024-12-02 / 2024-12-08,1777,17.08%,0.025100000000000000,0.242400000000000000,1361572,89878,1.05%,1.63%,267.0153000000000,202.2939000000000
Normal,CO,Valledupar,2024-12-02 / 2024-12-08,0,-,-,-,0,0,-,-,-,-
Normal,CO,Medellín,2024-12-02 / 2024-12-08,7528,25.95%,0.055100000000000000,0.397800000000000000,5157369,349622,1.11%,1.02%,48490.2597000000000,29202.8927000000000
Normal,CO,"Bogotá, D.C.",2024-12-02 / 2024-12-08,7932,29.09%,0.043000000000000000,0.408200000000000000,6383460,382035,0.96%,1.71%,49409.9952000000000,29242.7877000000000
Normal,CO,Cali,2024-12-02 / 2024-12-08,3661,26.11%,0.054200000000000000,0.383300000000000000,2954998,192722,0.96%,1.63%,44377.8015000000000,27368.7053000000000
Normal,CO,Bucaramanga,2024-12-02 / 2024-12-08,635,26.45%,0.034200000000000000,0.384800000000000000,478790,34654,1.02%,1.28%,39268.6833000000000,24159.9332000000000
Normal,CO,Cartagena,2024-12-02 / 2024-12-08,195,15.54%,0.027700000000000000,0.349900000000000000,284820,17131,0.68%,3.67%,37669.3120000000000,24489.0264000000000
Normal,CO,Villavicencio,2024-12-02 / 2024-12-08,0,-,-,-,0,0,-,-,-,-
Normal,CO,Barranquilla,2024-12-02 / 2024-12-08,2234,29.76%,0.035600000000000000,0.410000000000000000,1548194,111370,1.07%,1.13%,41533.5298000000000,24506.1555000000000
Normal,CO,Cúcuta,2024-12-02 / 2024-12-08,155,25.77%,0.028600000000000000,0.378800000000000000,175008,10671,0.72%,2.46%,41066.2290000000000,25511.6362000000000
Normal,CO,Santa marta,2024-12-02 / 2024-12-08,0,-,-,-,0,0,-,-,-,-
Normal,CO,Pereira,2024-12-02 / 2024-12-08,0,-,-,-,0,0,-,-,-,-
Normal,CO,Manizales,2024-12-02 / 2024-12-08,0,-,-,-,0,0,-,-,-,-
Normal,CO,Ibagué,2024-12-02 / 2024-12-08,0,-,-,-,0,0,-,-,-,-
Normal,PE,Lima,2024-12-02 / 2024-12-08,2402,26.51%,0.050600000000000000,0.376500000000000000,1965898,120060,0.91%,1.56%,40.2861000000000,25.1189000000000
Normal,PE,Trujillo,2024-12-02 / 2024-12-08,-,-,-,-,-,-,-,-,-,-
Normal,PE,Arequipa,2024-12-02 / 2024-12-08,-,-,-,-,-,-,-,-,-,-
Normal,CR,Limon,2024-12-02 / 2024-12-08,-,-,-,-,-,-,-,-,-,-
Normal,CR,Liberia,2024-12-02 / 2024-12-08,-,-,-,-,-,-,-,-,-,-
Normal,CR,San Jose,2024-12-02 / 2024-12-08,2829,18.01%,0.029600000000000000,0.250600000000000000,2286766,139929,0.94%,1.99%,8725.0151000000000,6538.5230000000000
Normal,MX,Uruapan,2024-11-25 / 2024-12-01,0,-,-,-,0,0,-,-,-,-
Normal,MX,Pachuca,2024-11-25 / 2024-12-01,471,16.60%,0.022700000000000000,0.218400000000000000,345309,22260,1.05%,1.23%,238.1378000000000,186.1259000000000
Normal,MX,Guaymas,2024-11-25 / 2024-12-01,0,-,-,-,0,0,-,-,-,-
Normal,MX,Nogales(SON),2024-11-25 / 2024-12-01,0,-,-,-,1,0,0.00%,-,-,-
Normal,MX,Tijuana,2024-11-25 / 2024-12-01,3386,14.87%,0.025200000000000000,0.212900000000000000,2033863,148060,1.28%,1.61%,284.7004000000000,224.0860000000000
Normal,MX,Morelia,2024-11-25 / 2024-12-01,2478,17.63%,0.037300000000000000,0.254700000000000000,1366900,99877,1.32%,0.99%,226.7523000000000,168.9956000000000
Normal,MX,Monterrey,2024-11-25 / 2024-12-01,11353,18.93%,0.023900000000000000,0.258500000000000000,6625684,474840,1.26%,1.37%,277.7058000000000,205.9165000000000
Normal,MX,Mexicali,2024-11-25 / 2024-12-01,4864,15.33%,0.030800000000000000,0.218600000000000000,2618221,194795,1.37%,1.17%,284.9994000000000,222.6881000000000
Normal,MX,Las Choapas,2024-11-25 / 2024-12-01,86,26.35%,0.047400000000000000,0.348700000000000000,68093,4338,0.94%,1.42%,276.5546000000000,180.1115000000000
Normal,MX,Reynosa,2024-11-25 / 2024-12-01,0,-,-,-,0,0,-,-,-,-
Normal,MX,Salamanca,2024-11-25 / 2024-12-01,192,16.83%,0.051800000000000000,0.248700000000000000,110629,7956,1.31%,2.20%,266.5455000000000,200.2470000000000
Normal,MX,Puerto Vallarta,2024-11-25 / 2024-12-01,776,16.03%,0.024700000000000000,0.216600000000000000,416048,31912,1.41%,1.47%,277.9414000000000,217.7337000000000
Normal,MX,Comitan de Dominguez,2024-11-25 / 2024-12-01,-,-,-,-,-,-,-,-,-,-
Normal,MX,Solidaridad,2024-11-25 / 2024-12-01,230,12.06%,0.017000000000000000,0.195700000000000000,175826,11497,0.97%,1.26%,302.3873000000000,243.2053000000000
Normal,MX,San Miguel de Allende,2024-11-25 / 2024-12-01,0,-,-,-,6,0,0.00%,-,-,-
Normal,MX,Ciudad Obregon,2024-11-25 / 2024-12-01,1210,21.03%,0.020800000000000000,0.260000000000000000,715306,53337,1.27%,1.53%,244.9341000000000,181.2559000000000
Normal,MX,San Cristobal de las Casas,2024-11-25 / 2024-12-01,244,14.32%,0.013400000000000000,0.197000000000000000,161892,10358,1.09%,1.60%,250.9178000000000,201.4834000000000
Normal,MX,Chilpancingo de los Bravo,2024-11-25 / 2024-12-01,0,-,-,-,0,0,-,-,-,-
Normal,MX,Irapuato,2024-11-25 / 2024-12-01,632,14.59%,0.021000000000000000,0.197000000000000000,441048,28532,1.08%,1.46%,245.8620000000000,197.4390000000000
Normal,MX,Poza Rica de Hidalgo,2024-11-25 / 2024-12-01,164,16.24%,0.023000000000000000,0.220800000000000000,131367,9217,0.95%,2.40%,219.9179000000000,171.3499000000000
Normal,MX,La Piedad,2024-11-25 / 2024-12-01,-,-,-,-,-,-,-,-,-,-
Normal,MX,Tampico,2024-11-25 / 2024-12-01,1485,22.93%,0.039400000000000000,0.306600000000000000,941385,62482,1.15%,0.87%,256.9556000000000,178.1631000000000
Normal,MX,Victoria,2024-11-25 / 2024-12-01,761,16.37%,0.026900000000000000,0.241000000000000000,608990,40070,0.92%,1.53%,270.2439000000000,205.1073000000000
Normal,MX,Delicias,2024-11-25 / 2024-12-01,440,8.81%,0.004900000000000000,0.134800000000000000,219565,16464,1.47%,1.01%,261.0500000000000,225.8537000000000
Normal,MX,Guanajuato,2024-11-25 / 2024-12-01,-,-,-,-,-,-,-,-,-,-
Normal,MX,San Luis Potosi,2024-11-25 / 2024-12-01,2254,12.72%,0.025100000000000000,0.185800000000000000,1280735,90716,1.32%,1.68%,226.6433000000000,184.5243000000000
Normal,MX,Acapulco,2024-11-25 / 2024-12-01,313,11.90%,0.021500000000000000,0.176500000000000000,227778,17157,1.03%,1.56%,278.4822000000000,229.3349000000000
Normal,MX,Mazatlan,2024-11-25 / 2024-12-01,932,13.15%,0.017500000000000000,0.180400000000000000,707335,44906,0.97%,1.12%,257.2883000000000,210.8754000000000
Normal,MX,Chihuahua,2024-11-25 / 2024-12-01,1761,15.77%,0.024900000000000000,0.219200000000000000,1309217,92566,1.03%,2.08%,273.0432000000000,213.1861000000000
Normal,MX,Veracruz,2024-11-25 / 2024-12-01,1325,15.60%,0.036900000000000000,0.223200000000000000,934180,64125,1.04%,1.20%,228.6528000000000,177.6176000000000
Normal,MX,Ensenada,2024-11-25 / 2024-12-01,2596,15.13%,0.017600000000000000,0.197000000000000000,1282568,92285,1.48%,1.01%,264.1044000000000,212.0719000000000
Normal,MX,Guadalajara,2024-11-25 / 2024-12-01,13348,19.92%,0.030000000000000000,0.262700000000000000,8201779,543002,1.20%,1.39%,244.3172000000000,180.1293000000000
Normal,MX,Minatitlan,2024-11-25 / 2024-12-01,-,-,-,-,-,-,-,-,-,-
Normal,MX,Toluca,2024-11-25 / 2024-12-01,2137,17.05%,0.027200000000000000,0.228300000000000000,1496760,96298,1.07%,1.72%,246.0239000000000,189.8661000000000
Normal,MX,Manzanillo,2024-11-25 / 2024-12-01,588,11.37%,0.014000000000000000,0.165300000000000000,310863,22625,1.37%,1.00%,282.7196000000000,235.9949000000000
Normal,MX,Abejones,2024-11-25 / 2024-12-01,-,-,-,-,-,-,-,-,-,-
Normal,MX,Saltillo,2024-11-25 / 2024-12-01,1016,11.84%,0.011400000000000000,0.181300000000000000,778717,53088,0.98%,1.57%,281.7481000000000,230.6683000000000
Normal,MX,Los Mochis-Guasave,2024-11-25 / 2024-12-01,908,11.90%,0.023200000000000000,0.174700000000000000,608006,41930,1.11%,1.95%,239.1381000000000,197.3653000000000
Normal,MX,Durango,2024-11-25 / 2024-12-01,2819,14.03%,0.026400000000000000,0.188800000000000000,1700531,114853,1.22%,1.63%,230.5772000000000,187.0538000000000
Normal,MX,Tapachula,2024-11-25 / 2024-12-01,250,17.81%,0.024400000000000000,0.241600000000000000,183334,12342,1.02%,2.12%,272.9573000000000,207.0164000000000
Normal,MX,Tuxtla Gutierrez,2024-11-25 / 2024-12-01,2427,17.97%,0.030500000000000000,0.255500000000000000,1703954,113311,1.03%,0.76%,242.3428000000000,180.4155000000000
Normal,MX,Piedras Negras,2024-11-25 / 2024-12-01,-,-,-,-,-,-,-,-,-,-
Normal,MX,Campeche,2024-11-25 / 2024-12-01,516,14.65%,0.033200000000000000,0.217800000000000000,322430,23382,1.17%,1.78%,223.3547000000000,174.7188000000000
Normal,MX,Celaya,2024-11-25 / 2024-12-01,782,12.25%,0.016100000000000000,0.171300000000000000,469299,30815,1.24%,1.97%,242.5752000000000,201.0225000000000
Normal,MX,Orizaba,2024-11-25 / 2024-12-01,0,-,-,-,0,0,-,-,-,-
Normal,MX,Merida,2024-11-25 / 2024-12-01,1411,15.05%,0.028600000000000000,0.214700000000000000,1117804,74829,0.95%,2.27%,232.0693000000000,182.2492000000000
Normal,MX,Leon,2024-11-25 / 2024-12-01,2005,19.70%,0.027000000000000000,0.264900000000000000,1375492,91183,1.09%,1.77%,242.2991000000000,178.1195000000000
Normal,MX,Valles City,2024-11-25 / 2024-12-01,-,-,-,-,-,-,-,-,-,-
Normal,MX,Villahermosa,2024-11-25 / 2024-12-01,1655,18.27%,0.027400000000000000,0.240600000000000000,1256464,82259,0.96%,1.66%,259.6265000000000,197.1549000000000
Normal,MX,La Paz,2024-11-25 / 2024-12-01,1191,10.95%,0.028900000000000000,0.173200000000000000,688514,52436,1.27%,1.13%,281.2197000000000,232.5067000000000
Normal,MX,Culiacan,2024-11-25 / 2024-12-01,2035,17.32%,0.028800000000000000,0.242200000000000000,1647535,107252,0.98%,1.65%,268.6035000000000,203.5450000000000
Normal,MX,Cuernavaca,2024-11-25 / 2024-12-01,1996,18.78%,0.033500000000000000,0.249200000000000000,1332064,92184,1.10%,1.31%,239.4932000000000,179.8032000000000
Normal,MX,Nuevo Laredo,2024-11-25 / 2024-12-01,659,12.65%,0.010500000000000000,0.178500000000000000,405642,31233,1.19%,1.04%,307.6161000000000,252.7129000000000
Normal,MX,Torreon,2024-11-25 / 2024-12-01,1930,13.16%,0.021300000000000000,0.192800000000000000,1275663,87650,1.13%,1.68%,232.6690000000000,187.8177000000000
Normal,MX,Mexico City,2024-11-25 / 2024-12-01,24280,15.94%,0.061500000000000000,0.264800000000000000,18362864,1216039,0.99%,1.52%,253.2176000000000,186.1582000000000
Normal,MX,Xalapa,2024-11-25 / 2024-12-01,362,16.72%,0.038300000000000000,0.245400000000000000,339019,20987,0.80%,1.34%,249.2047000000000,188.0584000000000
Normal,MX,Aguascalientes,2024-11-25 / 2024-12-01,1789,14.75%,0.017800000000000000,0.196400000000000000,1048112,73494,1.24%,1.25%,227.6028000000000,182.8943000000000
Normal,MX,Los Cabos,2024-11-25 / 2024-12-01,783,12.84%,0.022500000000000000,0.204200000000000000,404903,31138,1.45%,1.42%,321.1752000000000,255.5754000000000
Normal,MX,San Juan del Río,2024-11-25 / 2024-12-01,489,19.36%,0.038400000000000000,0.274700000000000000,256867,18756,1.42%,2.07%,268.1226000000000,194.4654000000000
Normal,MX,Monclova,2024-11-25 / 2024-12-01,0,-,-,-,17,0,0.00%,-,-,-
Normal,MX,Puebla,2024-11-25 / 2024-12-01,3557,23.19%,0.047900000000000000,0.307000000000000000,2534568,169133,1.05%,1.47%,243.0366000000000,168.4357000000000
Normal,MX,Matamoros,2024-11-25 / 2024-12-01,1494,11.04%,0.024500000000000000,0.171700000000000000,1004047,70208,1.10%,1.00%,248.2931000000000,205.6706000000000
Normal,MX,Navojoa,2024-11-25 / 2024-12-01,279,11.25%,0.042600000000000000,0.204500000000000000,188590,14323,1.12%,1.23%,237.9656000000000,189.3022000000000
Normal,MX,Carmen,2024-11-25 / 2024-12-01,209,18.26%,0.039300000000000000,0.265600000000000000,137116,10080,1.12%,1.66%,251.4092000000000,184.6285000000000
Normal,MX,Tulancingo,2024-11-25 / 2024-12-01,-,-,-,-,-,-,-,-,-,-
Normal,MX,Chetumal,2024-11-25 / 2024-12-01,227,9.85%,0.028700000000000000,0.170200000000000000,149936,11124,1.12%,2.29%,223.1255000000000,185.1507000000000
Normal,MX,Coatzacoalcos,2024-11-25 / 2024-12-01,264,21.06%,0.047500000000000000,0.295300000000000000,256507,17051,0.75%,0.90%,288.3430000000000,203.2027000000000
Normal,MX,Apizaco,2024-11-25 / 2024-12-01,-,-,-,-,-,-,-,-,-,-
Normal,MX,Queretaro,2024-11-25 / 2024-12-01,2370,17.03%,0.021700000000000000,0.234600000000000000,1454325,97895,1.21%,1.27%,243.4761000000000,186.3568000000000
Normal,MX,Jaurez CHIH,2024-11-25 / 2024-12-01,4080,13.81%,0.023300000000000000,0.210600000000000000,2658124,186422,1.15%,1.30%,298.9500000000000,235.9863000000000
Normal,MX,Tehuacan,2024-11-25 / 2024-12-01,271,17.29%,0.027800000000000000,0.234200000000000000,225702,14084,0.89%,1.89%,239.5607000000000,183.4613000000000
Normal,MX,Oaxaca,2024-11-25 / 2024-12-01,1702,22.72%,0.024900000000000000,0.272300000000000000,1007517,72032,1.22%,1.36%,271.3522000000000,197.4499000000000
Normal,MX,Cancun,2024-11-25 / 2024-12-01,2098,14.24%,0.028800000000000000,0.213300000000000000,1482959,94619,1.04%,1.17%,273.4978000000000,215.1688000000000
Normal,MX,Zacatecas,2024-11-25 / 2024-12-01,680,12.72%,0.023400000000000000,0.175400000000000000,420499,28803,1.21%,1.77%,235.8574000000000,194.4801000000000
Normal,MX,Tepic,2024-11-25 / 2024-12-01,1840,19.07%,0.023200000000000000,0.242900000000000000,1081996,75412,1.24%,1.24%,247.6756000000000,187.5072000000000
Normal,MX,Zamora,2024-11-25 / 2024-12-01,-,-,-,-,-,-,-,-,-,-
Normal,MX,Tlaxcala,2024-11-25 / 2024-12-01,508,18.20%,0.033000000000000000,0.248000000000000000,346481,23408,1.11%,1.92%,271.6061000000000,204.2507000000000
Normal,MX,Cordoba,2024-11-25 / 2024-12-01,549,12.30%,0.025900000000000000,0.190400000000000000,326913,23600,1.23%,1.49%,239.5742000000000,193.9611000000000
Normal,MX,Hermosillo,2024-11-25 / 2024-12-01,1922,20.23%,0.034400000000000000,0.257000000000000000,1334435,94176,1.08%,1.76%,271.2238000000000,201.5191000000000
Normal,MX,Colima,2024-11-25 / 2024-12-01,1345,14.61%,0.026000000000000000,0.216700000000000000,699587,49934,1.39%,0.74%,227.7913000000000,178.4301000000000
Normal,CO,Ibagué,2024-11-25 / 2024-12-01,0,-,-,-,1,0,0.00%,-,-,-
Normal,CO,Manizales,2024-11-25 / 2024-12-01,0,-,-,-,0,0,-,-,-,-
Normal,CO,Santa marta,2024-11-25 / 2024-12-01,0,-,-,-,0,0,-,-,-,-
Normal,CO,"Bogotá, D.C.",2024-11-25 / 2024-12-01,8003,30.32%,0.044900000000000000,0.421500000000000000,6448995,403533,0.96%,1.35%,49777.2971000000000,28797.9751000000000
Normal,CO,Barranquilla,2024-11-25 / 2024-12-01,2416,30.42%,0.040600000000000000,0.425000000000000000,1658801,126523,1.10%,1.00%,41576.9281000000000,23906.2389000000000
Normal,CO,Cúcuta,2024-11-25 / 2024-12-01,147,26.06%,0.038200000000000000,0.412700000000000000,180552,11470,0.65%,2.51%,40667.2093000000000,23884.1473000000000
Normal,CO,Bucaramanga,2024-11-25 / 2024-12-01,638,26.57%,0.038500000000000000,0.394700000000000000,489428,36363,1.02%,1.59%,39875.1357000000000,24135.0900000000000
Normal,CO,Cali,2024-11-25 / 2024-12-01,3688,26.04%,0.057700000000000000,0.389100000000000000,2956670,195055,0.96%,1.07%,43654.6272000000000,26666.5742000000000
Normal,CO,Valledupar,2024-11-25 / 2024-12-01,0,-,-,-,0,0,-,-,-,-
Normal,CO,Pereira,2024-11-25 / 2024-12-01,0,-,-,-,0,0,-,-,-,-
Normal,CO,Villavicencio,2024-11-25 / 2024-12-01,0,-,-,-,0,0,-,-,-,-
Normal,CO,Cartagena,2024-11-25 / 2024-12-01,212,15.00%,0.025800000000000000,0.358900000000000000,300370,19007,0.68%,3.41%,38531.2487000000000,24701.1934000000000
Normal,CO,Medellín,2024-11-25 / 2024-12-01,7685,26.51%,0.058100000000000000,0.406000000000000000,5255016,368512,1.11%,0.83%,48106.5998000000000,28577.4384000000000
Normal,PE,Trujillo,2024-11-25 / 2024-12-01,-,-,-,-,-,-,-,-,-,-
Normal,PE,Arequipa,2024-11-25 / 2024-12-01,-,-,-,-,-,-,-,-,-,-
Normal,PE,Lima,2024-11-25 / 2024-12-01,2374,26.16%,0.052200000000000000,0.371600000000000000,2035846,121842,0.87%,1.50%,39.8696000000000,25.0523000000000
Normal,CR,San Jose,2024-11-25 / 2024-12-01,2657,18.38%,0.032300000000000000,0.256900000000000000,2192485,133686,0.91%,1.56%,8465.1406000000000,6290.0502000000000
Normal,CR,Liberia,2024-11-25 / 2024-12-01,-,-,-,-,-,-,-,-,-,-
Normal,CR,Limon,2024-11-25 / 2024-12-01,-,-,-,-,-,-,-,-,-,-
Normal,MX,Uruapan,2024-11-18 / 2024-11-24,0,-,-,-,0,0,-,-,-,-
Normal,MX,Zamora,2024-11-18 / 2024-11-24,-,-,-,-,-,-,-,-,-,-
Normal,MX,Mexico City,2024-11-18 / 2024-11-24,23728,15.82%,0.061400000000000000,0.278800000000000000,19623399,1267457,0.91%,1.68%,254.6669000000000,183.6669000000000
Normal,MX,Guaymas,2024-11-18 / 2024-11-24,0,-,-,-,0,0,-,-,-,-
Normal,MX,Ensenada,2024-11-18 / 2024-11-24,2565,14.50%,0.016400000000000000,0.194700000000000000,1318556,94219,1.42%,1.23%,265.8847000000000,214.1154000000000
Normal,MX,Tulancingo,2024-11-18 / 2024-11-24,-,-,-,-,-,-,-,-,-,-
Normal,MX,Villahermosa,2024-11-18 / 2024-11-24,1598,16.98%,0.025300000000000000,0.230700000000000000,1223581,80323,0.95%,1.90%,256.7882000000000,197.5591000000000
Normal,MX,Valles City,2024-11-18 / 2024-11-24,-,-,-,-,-,-,-,-,-,-
Normal,MX,Coatzacoalcos,2024-11-18 / 2024-11-24,251,21.07%,0.044400000000000000,0.293500000000000000,247059,16143,0.76%,1.36%,294.4571000000000,208.0285000000000
Normal,MX,Poza Rica de Hidalgo,2024-11-18 / 2024-11-24,152,15.95%,0.026400000000000000,0.230500000000000000,135109,8962,0.89%,1.65%,231.8301000000000,178.3840000000000
Normal,MX,Las Choapas,2024-11-18 / 2024-11-24,84,25.77%,0.050000000000000000,0.349900000000000000,65360,4265,0.98%,1.11%,270.9551000000000,176.1373000000000
Normal,MX,Aguascalientes,2024-11-18 / 2024-11-24,1761,14.65%,0.014700000000000000,0.195400000000000000,1051461,73252,1.22%,1.42%,226.5378000000000,182.2653000000000
Normal,MX,Leon,2024-11-18 / 2024-11-24,1971,19.65%,0.021200000000000000,0.262100000000000000,1394933,91719,1.05%,1.66%,241.0269000000000,177.8557000000000
Normal,MX,Puerto Vallarta,2024-11-18 / 2024-11-24,769,15.68%,0.024500000000000000,0.217600000000000000,430795,32297,1.39%,1.61%,277.1016000000000,216.8015000000000
Normal,MX,Chetumal,2024-11-18 / 2024-11-24,222,9.26%,0.018300000000000000,0.160200000000000000,144826,10239,1.14%,2.35%,219.1018000000000,184.0029000000000
Normal,MX,Irapuato,2024-11-18 / 2024-11-24,627,14.45%,0.019100000000000000,0.194800000000000000,447101,28430,1.06%,1.99%,244.6090000000000,196.9591000000000
Normal,MX,Xalapa,2024-11-18 / 2024-11-24,338,16.68%,0.035000000000000000,0.242500000000000000,326706,20756,0.77%,1.51%,251.6614000000000,190.6350000000000
Normal,MX,Cancun,2024-11-18 / 2024-11-24,1932,14.40%,0.025200000000000000,0.216500000000000000,1538097,95877,0.94%,1.23%,273.2592000000000,214.1114000000000
Normal,MX,Monterrey,2024-11-18 / 2024-11-24,10866,18.17%,0.019500000000000000,0.250400000000000000,6470202,460332,1.23%,1.45%,274.4820000000000,205.7407000000000
Normal,MX,Chilpancingo de los Bravo,2024-11-18 / 2024-11-24,0,-,-,-,0,0,-,-,-,-
Normal,MX,Victoria,2024-11-18 / 2024-11-24,754,17.10%,0.019300000000000000,0.240500000000000000,589334,38758,0.94%,1.25%,265.9400000000000,201.9943000000000
Normal,MX,Hermosillo,2024-11-18 / 2024-11-24,1863,20.43%,0.034500000000000000,0.260300000000000000,1305411,93121,1.07%,1.93%,271.9021000000000,201.1129000000000
Normal,MX,Morelia,2024-11-18 / 2024-11-24,2417,17.78%,0.036500000000000000,0.263300000000000000,1441470,102121,1.23%,1.16%,227.5742000000000,167.6563000000000
Normal,MX,Reynosa,2024-11-18 / 2024-11-24,0,-,-,-,0,0,-,-,-,-
Normal,MX,Culiacan,2024-11-18 / 2024-11-24,2123,18.00%,0.029900000000000000,0.252200000000000000,1405664,96071,1.14%,1.27%,266.9209000000000,199.6122000000000
Normal,MX,Torreon,2024-11-18 / 2024-11-24,1949,13.35%,0.021000000000000000,0.196800000000000000,1290174,89471,1.13%,1.63%,234.4537000000000,188.3069000000000
Normal,MX,Los Cabos,2024-11-18 / 2024-11-24,780,11.83%,0.017900000000000000,0.192000000000000000,407374,31424,1.42%,1.32%,319.2876000000000,257.9822000000000
Normal,MX,San Miguel de Allende,2024-11-18 / 2024-11-24,0,-,-,-,11,0,0.00%,-,-,-
Normal,MX,Monclova,2024-11-18 / 2024-11-24,0,-,-,-,29,1,0.00%,-,-,-
Normal,MX,Jaurez CHIH,2024-11-18 / 2024-11-24,4141,12.92%,0.018400000000000000,0.204600000000000000,2794100,195400,1.13%,1.38%,302.3271000000000,240.4671000000000
Normal,MX,La Piedad,2024-11-18 / 2024-11-24,-,-,-,-,-,-,-,-,-,-
Normal,MX,Abejones,2024-11-18 / 2024-11-24,-,-,-,-,-,-,-,-,-,-
Normal,MX,Durango,2024-11-18 / 2024-11-24,2776,13.67%,0.025600000000000000,0.187800000000000000,1700041,115107,1.21%,1.92%,231.0567000000000,187.6718000000000
Normal,MX,Zacatecas,2024-11-18 / 2024-11-24,656,12.22%,0.021500000000000000,0.170900000000000000,418535,28368,1.17%,2.21%,237.7111000000000,197.0764000000000
Normal,MX,Los Mochis-Guasave,2024-11-18 / 2024-11-24,924,11.86%,0.023900000000000000,0.178500000000000000,609482,43220,1.12%,1.76%,238.0245000000000,195.5471000000000
Normal,MX,Oaxaca,2024-11-18 / 2024-11-24,1654,23.08%,0.021500000000000000,0.275500000000000000,1033051,72918,1.17%,1.51%,271.1910000000000,196.4743000000000
Normal,MX,Colima,2024-11-18 / 2024-11-24,1357,14.45%,0.027100000000000000,0.220900000000000000,735439,52106,1.34%,1.15%,228.7669000000000,178.2306000000000
Normal,MX,Tapachula,2024-11-18 / 2024-11-24,262,19.18%,0.020500000000000000,0.257900000000000000,197168,13444,1.00%,1.72%,274.2680000000000,203.5461000000000
Normal,MX,Tampico,2024-11-18 / 2024-11-24,1522,23.27%,0.037400000000000000,0.310400000000000000,953080,64699,1.16%,0.89%,259.6328000000000,179.0299000000000
Normal,MX,Tijuana,2024-11-18 / 2024-11-24,3374,14.42%,0.020800000000000000,0.206800000000000000,1988570,145060,1.29%,1.85%,283.9349000000000,225.2147000000000
Normal,MX,La Paz,2024-11-18 / 2024-11-24,1108,11.11%,0.018800000000000000,0.169800000000000000,695582,53004,1.17%,1.43%,282.0177000000000,234.1265000000000
Normal,MX,Queretaro,2024-11-18 / 2024-11-24,2291,16.54%,0.018900000000000000,0.232400000000000000,1485339,97359,1.14%,1.30%,245.0356000000000,188.0998000000000
Normal,MX,Navojoa,2024-11-18 / 2024-11-24,285,11.23%,0.039200000000000000,0.206600000000000000,191893,14724,1.14%,1.79%,231.3175000000000,183.5382000000000
Normal,MX,Tlaxcala,2024-11-18 / 2024-11-24,499,17.88%,0.034700000000000000,0.251200000000000000,361866,24589,1.04%,1.45%,270.2017000000000,202.3209000000000
Normal,MX,Saltillo,2024-11-18 / 2024-11-24,1030,11.50%,0.014300000000000000,0.177900000000000000,740989,51788,1.03%,1.26%,280.5022000000000,230.6130000000000
Normal,MX,San Luis Potosi,2024-11-18 / 2024-11-24,2203,11.81%,0.017200000000000000,0.172800000000000000,1287441,89382,1.27%,1.70%,224.1705000000000,185.4375000000000
Normal,MX,Merida,2024-11-18 / 2024-11-24,1369,15.48%,0.026100000000000000,0.217700000000000000,1155490,75998,0.90%,2.23%,237.6242000000000,185.8835000000000
Normal,MX,Campeche,2024-11-18 / 2024-11-24,510,14.44%,0.029400000000000000,0.218000000000000000,317687,23018,1.17%,1.56%,222.1552000000000,173.7319000000000
Normal,MX,Puebla,2024-11-18 / 2024-11-24,3463,23.33%,0.045100000000000000,0.307400000000000000,2575957,168651,1.01%,1.36%,242.8845000000000,168.2106000000000
Normal,MX,Cuernavaca,2024-11-18 / 2024-11-24,2015,20.81%,0.030400000000000000,0.270200000000000000,1373727,92699,1.09%,1.55%,244.8158000000000,178.6769000000000
Normal,MX,San Cristobal de las Casas,2024-11-18 / 2024-11-24,262,14.26%,0.010800000000000000,0.199700000000000000,174826,11344,1.09%,1.44%,248.8486000000000,199.1614000000000
Normal,MX,Nogales(SON),2024-11-18 / 2024-11-24,0,-,-,-,29,4,0.00%,-,-,-
Normal,MX,Guanajuato,2024-11-18 / 2024-11-24,-,-,-,-,-,-,-,-,-,-
Normal,MX,Nuevo Laredo,2024-11-18 / 2024-11-24,646,12.19%,0.013000000000000000,0.178000000000000000,409093,31433,1.16%,0.95%,309.7078000000000,254.5714000000000
Normal,MX,Matamoros,2024-11-18 / 2024-11-24,1491,11.05%,0.021000000000000000,0.168900000000000000,979970,69757,1.11%,1.02%,239.7689000000000,199.2779000000000
Normal,MX,Apizaco,2024-11-18 / 2024-11-24,-,-,-,-,-,-,-,-,-,-
Normal,MX,Carmen,2024-11-18 / 2024-11-24,211,15.64%,0.036200000000000000,0.234500000000000000,131990,9655,1.19%,1.83%,241.2800000000000,184.6961000000000
Normal,MX,Toluca,2024-11-18 / 2024-11-24,2106,16.86%,0.023300000000000000,0.228500000000000000,1497644,97415,1.05%,1.78%,245.5012000000000,189.4021000000000
Normal,MX,Tepic,2024-11-18 / 2024-11-24,1745,18.94%,0.019800000000000000,0.243800000000000000,1100119,75590,1.16%,1.22%,248.2222000000000,187.7028000000000
Normal,MX,Solidaridad,2024-11-18 / 2024-11-24,223,12.60%,0.008700000000000000,0.197300000000000000,178547,11873,0.94%,1.52%,296.9984000000000,238.3867000000000
Normal,MX,Mazatlan,2024-11-18 / 2024-11-24,908,12.96%,0.018900000000000000,0.181300000000000000,702931,44422,0.96%,1.68%,253.6310000000000,207.6477000000000
Normal,MX,Guadalajara,2024-11-18 / 2024-11-24,13425,19.81%,0.029500000000000000,0.265000000000000000,8391067,557584,1.17%,1.42%,245.2110000000000,180.2222000000000
Normal,MX,Orizaba,2024-11-18 / 2024-11-24,0,-,-,-,0,0,-,-,-,-
Normal,MX,Piedras Negras,2024-11-18 / 2024-11-24,-,-,-,-,-,-,-,-,-,-
Normal,MX,Minatitlan,2024-11-18 / 2024-11-24,-,-,-,-,-,-,-,-,-,-
Normal,MX,Chihuahua,2024-11-18 / 2024-11-24,1760,15.75%,0.017000000000000000,0.215300000000000000,1287264,91220,1.05%,2.42%,273.1309000000000,214.3291000000000
Normal,MX,Celaya,2024-11-18 / 2024-11-24,792,12.47%,0.016100000000000000,0.173300000000000000,475079,31142,1.23%,1.69%,241.1427000000000,199.3541000000000
Normal,MX,Delicias,2024-11-18 / 2024-11-24,460,9.36%,0.005800000000000000,0.147500000000000000,232858,17018,1.43%,1.07%,260.7787000000000,222.3153000000000
Normal,MX,San Juan del Río,2024-11-18 / 2024-11-24,477,18.90%,0.037600000000000000,0.271500000000000000,273544,19468,1.30%,1.72%,266.8719000000000,194.4079000000000
Normal,MX,Salamanca,2024-11-18 / 2024-11-24,205,16.49%,0.057400000000000000,0.249000000000000000,123082,8646,1.23%,1.87%,267.1196000000000,200.6007000000000
Normal,MX,Veracruz,2024-11-18 / 2024-11-24,1276,15.06%,0.029600000000000000,0.215800000000000000,938163,64753,1.00%,0.96%,227.4227000000000,178.3447000000000
Normal,MX,Comitan de Dominguez,2024-11-18 / 2024-11-24,-,-,-,-,-,-,-,-,-,-
Normal,MX,Ciudad Obregon,2024-11-18 / 2024-11-24,1194,20.35%,0.021800000000000000,0.258700000000000000,689834,50539,1.29%,1.62%,247.7429000000000,183.6555000000000
Normal,MX,Manzanillo,2024-11-18 / 2024-11-24,589,10.90%,0.013200000000000000,0.163500000000000000,334232,23522,1.28%,1.48%,286.6873000000000,239.8125000000000
Normal,MX,Tehuacan,2024-11-18 / 2024-11-24,257,17.32%,0.023900000000000000,0.229400000000000000,236983,14355,0.81%,1.77%,237.8339000000000,183.2783000000000
Normal,MX,Pachuca,2024-11-18 / 2024-11-24,454,16.99%,0.021400000000000000,0.226600000000000000,379500,23185,0.95%,1.68%,237.2820000000000,183.5199000000000
Normal,MX,Mexicali,2024-11-18 / 2024-11-24,4641,15.03%,0.026200000000000000,0.213800000000000000,2538656,191740,1.34%,1.22%,283.3720000000000,222.7922000000000
Normal,MX,Acapulco,2024-11-18 / 2024-11-24,320,12.99%,0.010900000000000000,0.175800000000000000,238787,17876,1.00%,1.88%,270.6640000000000,223.0762000000000
Normal,MX,Cordoba,2024-11-18 / 2024-11-24,524,12.77%,0.025200000000000000,0.196400000000000000,326010,24004,1.19%,2.18%,238.1549000000000,191.3763000000000
Normal,MX,Tuxtla Gutierrez,2024-11-18 / 2024-11-24,2363,17.91%,0.025900000000000000,0.255800000000000000,1721308,113340,0.99%,0.80%,240.6145000000000,179.0768000000000
Normal,CO,Bucaramanga,2024-11-18 / 2024-11-24,642,26.52%,0.036500000000000000,0.404500000000000000,511445,38579,0.96%,1.01%,39461.9987000000000,23497.8430000000000
Normal,CO,Cartagena,2024-11-18 / 2024-11-24,204,14.79%,0.029300000000000000,0.369900000000000000,318781,20806,0.63%,3.02%,38496.9692000000000,24255.7912000000000
Normal,CO,Cúcuta,2024-11-18 / 2024-11-24,160,25.96%,0.034900000000000000,0.429700000000000000,178942,11941,0.71%,1.26%,39233.3045000000000,22376.1098000000000
Normal,CO,Valledupar,2024-11-18 / 2024-11-24,0,-,-,-,0,0,-,-,-,-
Normal,CO,Cali,2024-11-18 / 2024-11-24,3574,25.93%,0.058000000000000000,0.396700000000000000,2870792,196992,0.96%,1.26%,42602.5723000000000,25704.0865000000000
Normal,CO,Villavicencio,2024-11-18 / 2024-11-24,0,-,-,-,0,0,-,-,-,-
Normal,CO,"Bogotá, D.C.",2024-11-18 / 2024-11-24,7624,29.73%,0.045600000000000000,0.423800000000000000,6425566,407133,0.92%,1.40%,48808.8531000000000,28122.2186000000000
Normal,CO,Manizales,2024-11-18 / 2024-11-24,0,-,-,-,0,0,-,-,-,-
Normal,CO,Barranquilla,2024-11-18 / 2024-11-24,2280,30.52%,0.042300000000000000,0.435900000000000000,1751179,135429,1.01%,1.31%,41618.7395000000000,23475.4263000000000
Normal,CO,Medellín,2024-11-18 / 2024-11-24,7525,26.11%,0.059700000000000000,0.414200000000000000,5507566,397642,1.04%,0.91%,47614.9429000000000,27893.0238000000000
Normal,CO,Ibagué,2024-11-18 / 2024-11-24,0,-,-,-,0,0,-,-,-,-
Normal,CO,Santa marta,2024-11-18 / 2024-11-24,0,-,-,-,0,0,-,-,-,-
Normal,CO,Pereira,2024-11-18 / 2024-11-24,0,-,-,-,0,0,-,-,-,-
Normal,PE,Arequipa,2024-11-18 / 2024-11-24,-,-,-,-,-,-,-,-,-,-
Normal,PE,Trujillo,2024-11-18 / 2024-11-24,-,-,-,-,-,-,-,-,-,-
Normal,PE,Lima,2024-11-18 / 2024-11-24,2292,26.01%,0.050300000000000000,0.365700000000000000,2023005,124725,0.85%,1.51%,39.5144000000000,25.0641000000000
Normal,CR,Limon,2024-11-18 / 2024-11-24,-,-,-,-,-,-,-,-,-,-
Normal,CR,San Jose,2024-11-18 / 2024-11-24,2460,18.44%,0.031200000000000000,0.257000000000000000,1854059,122034,1.00%,1.49%,8301.0035000000000,6167.8346000000000
Normal,CR,Liberia,2024-11-18 / 2024-11-24,-,-,-,-,-,-,-,-,-,-
CKA,MX,Aguascalientes,2024-12-02 / 2024-12-08,664,25.77%,0.017300000000000000,0.303100000000000000,379647,25329,1.27%,0.98%,286.9160000000000,199.9637000000000
CKA,MX,Navojoa,2024-12-02 / 2024-12-08,31,7.07%,0.031600000000000000,0.150500000000000000,20075,1472,1.16%,0.86%,238.3834000000000,202.4979000000000
CKA,MX,Solidaridad,2024-12-02 / 2024-12-08,51,12.56%,0.045300000000000000,0.223200000000000000,35806,2314,1.01%,0.00%,330.3243000000000,256.5853000000000
CKA,MX,San Cristobal de las Casas,2024-12-02 / 2024-12-08,35,1.68%,0.153600000000000000,0.199400000000000000,24150,1579,1.06%,1.59%,327.2026000000000,261.9678000000000
CKA,MX,Tijuana,2024-12-02 / 2024-12-08,1733,16.58%,0.019000000000000000,0.224600000000000000,1045813,68186,1.27%,1.15%,328.5220000000000,254.7488000000000
CKA,MX,Toluca,2024-12-02 / 2024-12-08,1062,20.17%,0.026600000000000000,0.257100000000000000,724024,46683,1.09%,1.25%,277.1625000000000,205.9035000000000
CKA,MX,Campeche,2024-12-02 / 2024-12-08,27,2.98%,0.042300000000000000,0.109800000000000000,38829,1843,0.51%,2.05%,225.5311000000000,200.7682000000000
CKA,MX,Manzanillo,2024-12-02 / 2024-12-08,136,5.47%,0.016800000000000000,0.111900000000000000,44156,3670,2.28%,2.31%,301.0626000000000,267.3655000000000
CKA,MX,Chihuahua,2024-12-02 / 2024-12-08,3231,17.54%,0.034900000000000000,0.243900000000000000,1255889,100097,1.90%,0.66%,292.3056000000000,221.0265000000000
CKA,MX,Monterrey,2024-12-02 / 2024-12-08,5987,18.30%,0.033200000000000000,0.270600000000000000,5013372,335863,1.02%,1.35%,316.7704000000000,231.0666000000000
CKA,MX,Mexico City,2024-12-02 / 2024-12-08,14057,21.45%,0.039300000000000000,0.292200000000000000,8842456,559559,1.16%,0.72%,311.4866000000000,220.4591000000000
CKA,MX,Ciudad Obregon,2024-12-02 / 2024-12-08,668,17.55%,0.024300000000000000,0.229200000000000000,320117,22224,1.52%,0.58%,269.7518000000000,207.9217000000000
CKA,MX,San Juan del Río,2024-12-02 / 2024-12-08,158,24.67%,0.049300000000000000,0.330800000000000000,72488,5510,1.56%,0.71%,355.8455000000000,238.1293000000000
CKA,MX,Cancun,2024-12-02 / 2024-12-08,1322,23.69%,0.014900000000000000,0.283400000000000000,646549,44267,1.47%,0.28%,335.3227000000000,240.2777000000000
CKA,MX,Culiacan,2024-12-02 / 2024-12-08,2005,17.48%,0.047800000000000000,0.258000000000000000,1017260,73046,1.52%,0.93%,298.2571000000000,221.3193000000000
CKA,MX,Tepic,2024-12-02 / 2024-12-08,698,17.49%,0.017900000000000000,0.219000000000000000,310389,21397,1.62%,0.98%,273.0466000000000,213.2568000000000
CKA,MX,Victoria,2024-12-02 / 2024-12-08,181,20.55%,0.015900000000000000,0.279000000000000000,144417,9492,0.99%,0.51%,287.0939000000000,207.0052000000000
CKA,MX,Puerto Vallarta,2024-12-02 / 2024-12-08,124,2.47%,0.012400000000000000,0.065700000000000000,49389,3749,1.85%,0.45%,278.0700000000000,259.7887000000000
CKA,MX,Celaya,2024-12-02 / 2024-12-08,246,18.36%,0.017200000000000000,0.229200000000000000,151144,9692,1.20%,1.39%,308.5744000000000,237.8398000000000
CKA,MX,Acapulco,2024-12-02 / 2024-12-08,65,2.24%,0.168300000000000000,0.225300000000000000,70533,4083,0.70%,2.88%,347.4643000000000,269.1643000000000
CKA,MX,Xalapa,2024-12-02 / 2024-12-08,61,10.19%,0.029000000000000000,0.173800000000000000,79355,4157,0.61%,2.66%,292.2368000000000,241.4412000000000
CKA,MX,Hermosillo,2024-12-02 / 2024-12-08,1370,18.34%,0.031900000000000000,0.236100000000000000,634868,46249,1.62%,1.03%,281.3179000000000,214.9056000000000
CKA,MX,Veracruz,2024-12-02 / 2024-12-08,503,19.66%,0.037900000000000000,0.267800000000000000,302278,19859,1.22%,0.80%,257.8978000000000,188.8397000000000
CKA,MX,Uruapan,2024-12-02 / 2024-12-08,0,-,-,-,0,0,-,-,-,-
CKA,MX,Oaxaca,2024-12-02 / 2024-12-08,1085,25.70%,0.036000000000000000,0.310800000000000000,417710,29378,1.85%,0.39%,269.9452000000000,186.0482000000000
CKA,MX,Cuernavaca,2024-12-02 / 2024-12-08,990,27.10%,0.027100000000000000,0.320200000000000000,554603,37220,1.30%,0.38%,306.1606000000000,208.1216000000000
CKA,MX,Tehuacan,2024-12-02 / 2024-12-08,54,21.99%,0.057200000000000000,0.317100000000000000,24832,1770,1.59%,0.00%,274.7016000000000,187.5869000000000
CKA,MX,Piedras Negras,2024-12-02 / 2024-12-08,-,-,-,-,-,-,-,-,-,-
CKA,MX,Coatzacoalcos,2024-12-02 / 2024-12-08,56,13.67%,0.021100000000000000,0.193600000000000000,40098,3093,1.02%,0.25%,337.8251000000000,272.4128000000000
CKA,MX,Los Mochis-Guasave,2024-12-02 / 2024-12-08,412,15.87%,0.034300000000000000,0.228200000000000000,237900,15303,1.25%,0.58%,278.3035000000000,214.8082000000000
CKA,MX,Los Cabos,2024-12-02 / 2024-12-08,184,6.78%,0.019800000000000000,0.134800000000000000,89251,5929,1.50%,1.50%,347.8417000000000,300.9423000000000
CKA,MX,Chilpancingo de los Bravo,2024-12-02 / 2024-12-08,-,-,-,-,-,-,-,-,-,-
CKA,MX,Comitan de Dominguez,2024-12-02 / 2024-12-08,0,-,-,-,0,0,-,-,-,-
CKA,MX,Zacatecas,2024-12-02 / 2024-12-08,188,8.37%,0.037100000000000000,0.158400000000000000,99394,7522,1.47%,1.06%,242.0777000000000,203.7417000000000
CKA,MX,Salamanca,2024-12-02 / 2024-12-08,33,8.70%,0.017700000000000000,0.131900000000000000,22995,1584,1.09%,3.27%,312.5860000000000,271.3693000000000
CKA,MX,Cordoba,2024-12-02 / 2024-12-08,119,21.25%,0.016800000000000000,0.258600000000000000,73502,5485,1.19%,1.28%,399.8373000000000,296.4379000000000
CKA,MX,Zamora,2024-12-02 / 2024-12-08,0,-,-,-,0,0,-,-,-,-
CKA,MX,Delicias,2024-12-02 / 2024-12-08,46,12.09%,0.041000000000000000,0.202300000000000000,29768,1565,1.15%,0.30%,283.1129000000000,225.8523000000000
CKA,MX,Tapachula,2024-12-02 / 2024-12-08,5,0.00%,0.013000000000000000,0.083200000000000000,10240,456,0.33%,0.00%,214.7139000000000,196.8433000000000
CKA,MX,Chetumal,2024-12-02 / 2024-12-08,8,4.05%,0.006500000000000000,0.087100000000000000,5942,481,1.06%,9.68%,298.2175000000000,272.2562000000000
CKA,MX,Villahermosa,2024-12-02 / 2024-12-08,1735,25.90%,0.036800000000000000,0.321500000000000000,848537,58148,1.47%,0.75%,286.1398000000000,194.1465000000000
CKA,MX,Irapuato,2024-12-02 / 2024-12-08,109,4.23%,0.010600000000000000,0.088400000000000000,73993,4402,1.10%,0.50%,274.8225000000000,250.5378000000000
CKA,MX,Morelia,2024-12-02 / 2024-12-08,983,19.05%,0.021700000000000000,0.249800000000000000,490162,31220,1.45%,0.54%,229.6533000000000,172.2844000000000
CKA,MX,Tlaxcala,2024-12-02 / 2024-12-08,52,15.74%,0.028700000000000000,0.211600000000000000,46430,2957,0.86%,3.07%,319.6747000000000,252.0190000000000
CKA,MX,Puebla,2024-12-02 / 2024-12-08,2646,24.63%,0.049700000000000000,0.321500000000000000,1413101,95719,1.39%,0.85%,265.2339000000000,179.9668000000000
CKA,MX,Leon,2024-12-02 / 2024-12-08,903,27.47%,0.051400000000000000,0.361900000000000000,429715,31188,1.53%,0.54%,316.0409000000000,201.6598000000000
CKA,MX,Saltillo,2024-12-02 / 2024-12-08,604,12.54%,0.019100000000000000,0.202300000000000000,603263,34432,0.84%,1.16%,319.7536000000000,255.0612000000000
CKA,MX,Mexicali,2024-12-02 / 2024-12-08,4054,16.49%,0.029200000000000000,0.224400000000000000,1551293,119253,1.89%,0.52%,310.8696000000000,241.1158000000000
CKA,MX,Tampico,2024-12-02 / 2024-12-08,946,17.42%,0.051100000000000000,0.263200000000000000,509792,34484,1.35%,0.29%,275.5255000000000,203.0007000000000
CKA,MX,Durango,2024-12-02 / 2024-12-08,1468,19.57%,0.026800000000000000,0.243600000000000000,866478,60790,1.36%,0.96%,285.8004000000000,216.1795000000000
CKA,MX,Poza Rica de Hidalgo,2024-12-02 / 2024-12-08,13,22.27%,0.031700000000000000,0.308300000000000000,13792,851,0.71%,3.19%,283.4319000000000,196.0576000000000
CKA,MX,Colima,2024-12-02 / 2024-12-08,125,3.25%,0.016700000000000000,0.089200000000000000,95395,6134,0.95%,0.89%,277.5759000000000,252.8074000000000
CKA,MX,San Luis Potosi,2024-12-02 / 2024-12-08,679,12.64%,0.019700000000000000,0.178500000000000000,341671,24298,1.48%,1.15%,253.3691000000000,208.1315000000000
CKA,MX,Monclova,2024-12-02 / 2024-12-08,0,-,-,-,0,0,-,-,-,-
CKA,MX,Queretaro,2024-12-02 / 2024-12-08,1386,21.82%,0.039600000000000000,0.293600000000000000,752384,50205,1.34%,0.97%,311.1692000000000,219.8239000000000
CKA,MX,Reynosa,2024-12-02 / 2024-12-08,0,-,-,-,0,0,-,-,-,-
CKA,MX,Merida,2024-12-02 / 2024-12-08,964,20.92%,0.069700000000000000,0.307500000000000000,541166,39721,1.31%,0.79%,283.7232000000000,196.4783000000000
CKA,MX,San Miguel de Allende,2024-12-02 / 2024-12-08,0,-,-,-,0,0,-,-,-,-
CKA,MX,Nuevo Laredo,2024-12-02 / 2024-12-08,49,9.77%,0.015800000000000000,0.170000000000000000,59214,3358,0.67%,0.80%,363.7031000000000,301.8819000000000
CKA,MX,Pachuca,2024-12-02 / 2024-12-08,247,18.41%,0.024800000000000000,0.239500000000000000,140580,9382,1.33%,0.93%,279.6439000000000,212.6682000000000
CKA,MX,Jaurez CHIH,2024-12-02 / 2024-12-08,3936,20.52%,0.017000000000000000,0.266700000000000000,1725682,130374,1.69%,0.63%,375.4400000000000,275.3124000000000
CKA,MX,Matamoros,2024-12-02 / 2024-12-08,207,5.97%,0.014300000000000000,0.111800000000000000,253885,14599,0.72%,1.25%,300.6372000000000,267.0405000000000
CKA,MX,Valles City,2024-12-02 / 2024-12-08,-,-,-,-,-,-,-,-,-,-
CKA,MX,Ensenada,2024-12-02 / 2024-12-08,673,15.47%,0.013400000000000000,0.196100000000000000,318866,20564,1.54%,0.91%,283.3940000000000,227.8176000000000
CKA,MX,Tuxtla Gutierrez,2024-12-02 / 2024-12-08,397,11.78%,0.039600000000000000,0.198700000000000000,255941,14653,1.13%,1.33%,275.9505000000000,221.1083000000000
CKA,MX,Carmen,2024-12-02 / 2024-12-08,11,0.00%,0.016200000000000000,0.060400000000000000,12922,918,0.59%,0.00%,305.5560000000000,287.1029000000000
CKA,MX,Mazatlan,2024-12-02 / 2024-12-08,628,11.14%,0.014500000000000000,0.152600000000000000,284138,20324,1.59%,0.72%,261.3543000000000,221.4786000000000
CKA,MX,La Paz,2024-12-02 / 2024-12-08,120,9.49%,0.014800000000000000,0.141000000000000000,74061,5075,1.17%,0.70%,297.5817000000000,255.6232000000000
CKA,MX,Nogales(SON),2024-12-02 / 2024-12-08,0,-,-,-,21,1,0.00%,-,-,-
CKA,MX,Guaymas,2024-12-02 / 2024-12-08,0,-,-,-,0,0,-,-,-,-
CKA,MX,Las Choapas,2024-12-02 / 2024-12-08,13,6.79%,0.010000000000000000,0.134800000000000000,7462,668,1.39%,0.00%,290.6215000000000,251.4504000000000
CKA,MX,Torreon,2024-12-02 / 2024-12-08,946,17.08%,0.044400000000000000,0.257300000000000000,488378,33227,1.52%,0.96%,248.1482000000000,184.3042000000000
CKA,MX,Guadalajara,2024-12-02 / 2024-12-08,9128,16.89%,0.043000000000000000,0.243000000000000000,4350176,289730,1.53%,0.75%,265.3448000000000,200.8578000000000
CKA,CO,Manizales,2024-12-02 / 2024-12-08,0,-,-,-,0,0,-,-,-,-
CKA,CO,Ibagué,2024-12-02 / 2024-12-08,0,-,-,-,0,0,-,-,-,-
CKA,CO,Cali,2024-12-02 / 2024-12-08,1821,22.95%,0.045100000000000000,0.323200000000000000,1486815,91914,0.93%,1.04%,53063.5189000000000,35912.6326000000000
CKA,CO,Valledupar,2024-12-02 / 2024-12-08,0,-,-,-,0,0,-,-,-,-
CKA,CO,"Bogotá, D.C.",2024-12-02 / 2024-12-08,8606,26.39%,0.045300000000000000,0.375300000000000000,5379474,308389,1.19%,0.93%,52114.0932000000000,32553.5751000000000
CKA,CO,Pereira,2024-12-02 / 2024-12-08,0,-,-,-,0,0,-,-,-,-
CKA,CO,Cúcuta,2024-12-02 / 2024-12-08,2,0.00%,0E-18,0.197500000000000000,12988,412,0.15%,0.00%,27822.4706000000000,22326.4118000000000
CKA,CO,Cartagena,2024-12-02 / 2024-12-08,107,16.50%,0.139400000000000000,0.395300000000000000,95332,6320,1.01%,0.96%,44645.5315000000000,26997.0107000000000
CKA,CO,Barranquilla,2024-12-02 / 2024-12-08,978,21.19%,0.046600000000000000,0.321500000000000000,817762,54720,0.92%,1.01%,46512.2393000000000,31557.8487000000000
CKA,CO,Santa marta,2024-12-02 / 2024-12-08,-,-,-,-,-,-,-,-,-,-
CKA,CO,Villavicencio,2024-12-02 / 2024-12-08,0,-,-,-,0,0,-,-,-,-
CKA,CO,Bucaramanga,2024-12-02 / 2024-12-08,320,21.13%,0.029500000000000000,0.325000000000000000,185029,14104,1.31%,1.16%,38533.9973000000000,26010.9169000000000
CKA,CO,Medellín,2024-12-02 / 2024-12-08,6263,22.81%,0.066100000000000000,0.364400000000000000,3873448,252018,1.21%,0.81%,55070.3642000000000,35002.7854000000000
CKA,PE,Trujillo,2024-12-02 / 2024-12-08,-,-,-,-,-,-,-,-,-,-
CKA,PE,Arequipa,2024-12-02 / 2024-12-08,-,-,-,-,-,-,-,-,-,-
CKA,PE,Lima,2024-12-02 / 2024-12-08,1613,29.22%,0.046000000000000000,0.393800000000000000,1368778,84743,0.88%,1.08%,56.8970000000000,34.4894000000000
CKA,CR,Limon,2024-12-02 / 2024-12-08,-,-,-,-,-,-,-,-,-,-
CKA,CR,San Jose,2024-12-02 / 2024-12-08,2499,21.79%,0.031400000000000000,0.281900000000000000,1550219,99319,1.20%,1.48%,9230.2448000000000,6628.0921000000000
CKA,CR,Liberia,2024-12-02 / 2024-12-08,-,-,-,-,-,-,-,-,-,-
CKA,MX,Chetumal,2024-11-25 / 2024-12-01,8,3.47%,0E-18,0.073000000000000000,6537,618,0.92%,8.06%,296.5843000000000,274.9414000000000
CKA,MX,Los Cabos,2024-11-25 / 2024-12-01,172,7.71%,0.014600000000000000,0.144400000000000000,91670,5907,1.39%,0.73%,345.0029000000000,295.1874000000000
CKA,MX,Culiacan,2024-11-25 / 2024-12-01,2156,16.75%,0.044300000000000000,0.244800000000000000,1185896,83669,1.39%,1.06%,299.1307000000000,225.9151000000000
CKA,MX,Oaxaca,2024-11-25 / 2024-12-01,1022,25.41%,0.032300000000000000,0.305300000000000000,413804,28908,1.76%,0.40%,267.2895000000000,185.6801000000000
CKA,MX,Navojoa,2024-11-25 / 2024-12-01,32,6.32%,0.023300000000000000,0.145400000000000000,20882,1423,1.13%,1.76%,233.8580000000000,199.8445000000000
CKA,MX,Zamora,2024-11-25 / 2024-12-01,0,-,-,-,0,0,-,-,-,-
CKA,MX,Irapuato,2024-11-25 / 2024-12-01,115,3.57%,0.002200000000000000,0.066300000000000000,77001,4626,1.09%,0.96%,261.7107000000000,244.3655000000000
CKA,MX,Las Choapas,2024-11-25 / 2024-12-01,15,8.52%,0E-18,0.134200000000000000,7561,744,1.49%,0.90%,303.6307000000000,262.8954000000000
CKA,MX,Los Mochis-Guasave,2024-11-25 / 2024-12-01,422,16.16%,0.029400000000000000,0.222800000000000000,241818,15682,1.27%,0.56%,278.6209000000000,216.5321000000000
CKA,MX,Puebla,2024-11-25 / 2024-12-01,2583,24.77%,0.046300000000000000,0.320000000000000000,1407962,95498,1.36%,0.70%,264.6310000000000,179.9565000000000
CKA,MX,Veracruz,2024-11-25 / 2024-12-01,494,19.56%,0.030600000000000000,0.260000000000000000,296817,19599,1.21%,0.91%,255.3184000000000,188.9363000000000
CKA,MX,Puerto Vallarta,2024-11-25 / 2024-12-01,121,2.95%,0.003100000000000000,0.064900000000000000,49356,3716,1.79%,0.58%,272.9418000000000,255.2317000000000
CKA,MX,Nuevo Laredo,2024-11-25 / 2024-12-01,53,10.02%,0.011500000000000000,0.159900000000000000,55144,2735,0.70%,0.27%,357.6614000000000,300.4655000000000
CKA,MX,San Luis Potosi,2024-11-25 / 2024-12-01,684,12.74%,0.013600000000000000,0.174400000000000000,345509,23666,1.45%,0.85%,246.0541000000000,203.1315000000000
CKA,MX,Cuernavaca,2024-11-25 / 2024-12-01,986,27.39%,0.021600000000000000,0.318400000000000000,563140,37513,1.27%,0.54%,297.0373000000000,202.4622000000000
CKA,MX,Zacatecas,2024-11-25 / 2024-12-01,203,6.73%,0.035800000000000000,0.137200000000000000,98378,7518,1.55%,1.61%,232.5165000000000,200.6100000000000
CKA,MX,San Cristobal de las Casas,2024-11-25 / 2024-12-01,29,2.15%,0.004300000000000000,0.064900000000000000,24256,1462,0.87%,1.92%,278.8445000000000,260.7364000000000
CKA,MX,Guadalajara,2024-11-25 / 2024-12-01,9028,16.38%,0.041500000000000000,0.238300000000000000,4370270,295456,1.51%,0.74%,264.0471000000000,201.1206000000000
CKA,MX,Mexico City,2024-11-25 / 2024-12-01,14031,20.88%,0.045600000000000000,0.293300000000000000,8958406,577259,1.15%,0.70%,309.0579000000000,218.4101000000000
CKA,MX,Celaya,2024-11-25 / 2024-12-01,260,19.63%,0.010700000000000000,0.235500000000000000,158487,10306,1.19%,0.48%,311.3033000000000,237.9886000000000
CKA,MX,Tehuacan,2024-11-25 / 2024-12-01,52,22.86%,0.057800000000000000,0.328200000000000000,26102,1834,1.43%,0.54%,278.9181000000000,187.3750000000000
CKA,MX,La Paz,2024-11-25 / 2024-12-01,135,10.89%,0.017100000000000000,0.153200000000000000,82203,5513,1.20%,0.73%,306.3131000000000,259.3956000000000
CKA,MX,Piedras Negras,2024-11-25 / 2024-12-01,-,-,-,-,-,-,-,-,-,-
CKA,MX,Valles City,2024-11-25 / 2024-12-01,-,-,-,-,-,-,-,-,-,-
CKA,MX,Toluca,2024-11-25 / 2024-12-01,1084,20.77%,0.019600000000000000,0.259800000000000000,748269,48463,1.07%,1.10%,278.6281000000000,206.2366000000000
CKA,MX,Aguascalientes,2024-11-25 / 2024-12-01,629,26.21%,0.010100000000000000,0.301000000000000000,370424,24315,1.24%,0.80%,281.4679000000000,196.7417000000000
CKA,MX,Tijuana,2024-11-25 / 2024-12-01,1711,16.64%,0.014100000000000000,0.219800000000000000,1057126,68428,1.23%,1.20%,325.5984000000000,254.0185000000000
CKA,MX,Ciudad Obregon,2024-11-25 / 2024-12-01,631,17.31%,0.019500000000000000,0.224700000000000000,314182,21686,1.46%,0.47%,268.1321000000000,207.8834000000000
CKA,MX,Tlaxcala,2024-11-25 / 2024-12-01,49,16.67%,0.026300000000000000,0.226100000000000000,44783,2927,0.83%,1.94%,313.4200000000000,242.5596000000000
CKA,MX,Manzanillo,2024-11-25 / 2024-12-01,150,5.72%,0.012300000000000000,0.116300000000000000,46117,4051,2.37%,1.12%,304.7958000000000,269.3369000000000
CKA,MX,Jaurez CHIH,2024-11-25 / 2024-12-01,3822,21.00%,0.012700000000000000,0.263700000000000000,1646552,120759,1.71%,0.52%,364.1812000000000,268.1420000000000
CKA,MX,Saltillo,2024-11-25 / 2024-12-01,720,13.55%,0.010800000000000000,0.194300000000000000,546235,31846,0.99%,1.22%,315.7880000000000,254.4230000000000
CKA,MX,Mexicali,2024-11-25 / 2024-12-01,3967,17.17%,0.025200000000000000,0.228700000000000000,1487588,115184,1.92%,0.45%,309.7445000000000,238.9024000000000
CKA,MX,Coatzacoalcos,2024-11-25 / 2024-12-01,53,13.41%,0.022100000000000000,0.187800000000000000,40664,3152,0.97%,0.53%,352.7718000000000,286.5342000000000
CKA,MX,Chilpancingo de los Bravo,2024-11-25 / 2024-12-01,-,-,-,-,-,-,-,-,-,-
CKA,MX,Tepic,2024-11-25 / 2024-12-01,692,17.95%,0.018400000000000000,0.225700000000000000,306100,21592,1.64%,0.61%,271.6226000000000,210.3283000000000
CKA,MX,Hermosillo,2024-11-25 / 2024-12-01,1320,18.90%,0.031700000000000000,0.241700000000000000,629080,44581,1.57%,0.95%,280.1587000000000,212.4411000000000
CKA,MX,Torreon,2024-11-25 / 2024-12-01,1020,17.60%,0.039000000000000000,0.256700000000000000,492931,32678,1.54%,0.81%,244.5474000000000,181.7765000000000
CKA,MX,Durango,2024-11-25 / 2024-12-01,1656,19.93%,0.024600000000000000,0.243400000000000000,804058,55742,1.51%,0.81%,283.0988000000000,214.1797000000000
CKA,MX,Leon,2024-11-25 / 2024-12-01,906,27.18%,0.044000000000000000,0.357200000000000000,427543,31333,1.56%,0.84%,312.7928000000000,201.0655000000000
CKA,MX,Delicias,2024-11-25 / 2024-12-01,44,12.09%,0.033600000000000000,0.190900000000000000,29445,1560,1.07%,0.00%,283.3384000000000,229.2591000000000
CKA,MX,Poza Rica de Hidalgo,2024-11-25 / 2024-12-01,12,19.96%,0.019400000000000000,0.260500000000000000,14123,836,0.66%,3.33%,291.9832000000000,215.9126000000000
CKA,MX,Reynosa,2024-11-25 / 2024-12-01,0,-,-,-,0,0,-,-,-,-
CKA,MX,Matamoros,2024-11-25 / 2024-12-01,264,5.48%,0.004800000000000000,0.090500000000000000,219477,12672,0.88%,0.36%,286.0841000000000,260.1984000000000
CKA,MX,Mazatlan,2024-11-25 / 2024-12-01,641,12.36%,0.009500000000000000,0.161200000000000000,297815,21246,1.55%,0.68%,262.0229000000000,219.7874000000000
CKA,MX,San Miguel de Allende,2024-11-25 / 2024-12-01,0,-,-,-,0,0,-,-,-,-
CKA,MX,Tapachula,2024-11-25 / 2024-12-01,5,0.00%,0E-18,0.060000000000000000,11033,478,0.32%,0.00%,224.4624000000000,211.0055000000000
CKA,MX,Victoria,2024-11-25 / 2024-12-01,178,18.55%,0.011600000000000000,0.248700000000000000,138148,8278,0.95%,0.39%,270.9220000000000,203.5521000000000
CKA,MX,Carmen,2024-11-25 / 2024-12-01,10,0.00%,0E-18,0.040300000000000000,11817,791,0.65%,1.37%,321.5143000000000,308.5494000000000
CKA,MX,Acapulco,2024-11-25 / 2024-12-01,52,1.69%,0.087500000000000000,0.136500000000000000,72322,4126,0.56%,5.97%,328.1778000000000,283.3754000000000
CKA,MX,Villahermosa,2024-11-25 / 2024-12-01,1659,25.61%,0.034300000000000000,0.317200000000000000,862991,58317,1.39%,0.63%,283.9687000000000,193.8986000000000
CKA,MX,Merida,2024-11-25 / 2024-12-01,949,21.53%,0.055600000000000000,0.300400000000000000,543851,39017,1.29%,0.68%,277.4158000000000,194.0866000000000
CKA,MX,Monclova,2024-11-25 / 2024-12-01,0,-,-,-,2,0,0.00%,-,-,-
CKA,MX,San Juan del Río,2024-11-25 / 2024-12-01,160,25.30%,0.044600000000000000,0.335300000000000000,79319,5876,1.47%,0.70%,345.9584000000000,229.9490000000000
CKA,MX,Colima,2024-11-25 / 2024-12-01,127,5.39%,0.013300000000000000,0.104400000000000000,99853,6083,0.92%,0.33%,282.6655000000000,253.1413000000000
CKA,MX,Tuxtla Gutierrez,2024-11-25 / 2024-12-01,373,12.16%,0.035400000000000000,0.206800000000000000,261157,14865,1.03%,0.83%,272.7979000000000,216.3939000000000
CKA,MX,Guaymas,2024-11-25 / 2024-12-01,0,-,-,-,0,0,-,-,-,-
CKA,MX,Chihuahua,2024-11-25 / 2024-12-01,3127,17.51%,0.031000000000000000,0.240800000000000000,1283738,99552,1.81%,0.65%,285.8799000000000,217.0478000000000
CKA,MX,Cordoba,2024-11-25 / 2024-12-01,120,21.88%,0.014300000000000000,0.261300000000000000,71518,5285,1.21%,0.71%,404.2624000000000,298.6085000000000
CKA,MX,Monterrey,2024-11-25 / 2024-12-01,8189,18.68%,0.033900000000000000,0.264000000000000000,4105975,296450,1.46%,1.05%,307.9675000000000,226.6731000000000
CKA,MX,Nogales(SON),2024-11-25 / 2024-12-01,0,-,-,-,31,0,0.00%,-,-,-
CKA,MX,Xalapa,2024-11-25 / 2024-12-01,61,10.52%,0.010900000000000000,0.155400000000000000,78885,4030,0.61%,4.61%,284.4921000000000,240.2689000000000
CKA,MX,Pachuca,2024-11-25 / 2024-12-01,241,18.53%,0.017800000000000000,0.227500000000000000,137162,9057,1.32%,0.34%,274.3017000000000,211.9073000000000
CKA,MX,Salamanca,2024-11-25 / 2024-12-01,29,11.98%,0.014900000000000000,0.160800000000000000,23495,1577,0.92%,0.47%,339.5267000000000,284.9291000000000
CKA,MX,Uruapan,2024-11-25 / 2024-12-01,0,-,-,-,0,0,-,-,-,-
CKA,MX,Ensenada,2024-11-25 / 2024-12-01,671,15.50%,0.014000000000000000,0.198600000000000000,314622,19847,1.54%,0.85%,279.5464000000000,224.0391000000000
CKA,MX,Campeche,2024-11-25 / 2024-12-01,27,2.52%,0.026100000000000000,0.090100000000000000,36444,1790,0.58%,5.00%,246.3220000000000,224.1271000000000
CKA,MX,Queretaro,2024-11-25 / 2024-12-01,1407,22.46%,0.035000000000000000,0.297100000000000000,777959,51423,1.32%,0.70%,311.4228000000000,218.8968000000000
CKA,MX,Morelia,2024-11-25 / 2024-12-01,961,19.06%,0.015600000000000000,0.243100000000000000,495540,31626,1.40%,0.54%,231.7099000000000,175.3732000000000
CKA,MX,Cancun,2024-11-25 / 2024-12-01,1293,23.99%,0.010100000000000000,0.285000000000000000,661136,45498,1.41%,0.33%,339.4836000000000,242.7373000000000
CKA,MX,Solidaridad,2024-11-25 / 2024-12-01,56,11.00%,0.023800000000000000,0.187300000000000000,40783,2608,1.01%,1.24%,344.4909000000000,279.9849000000000
CKA,MX,Comitan de Dominguez,2024-11-25 / 2024-12-01,0,-,-,-,0,0,-,-,-,-
CKA,MX,Tampico,2024-11-25 / 2024-12-01,967,18.03%,0.046000000000000000,0.267000000000000000,514611,34752,1.37%,0.22%,272.4809000000000,199.7152000000000
CKA,CO,Cúcuta,2024-11-25 / 2024-12-01,4,5.39%,0.009000000000000000,0.272100000000000000,16536,492,0.21%,0.00%,25144.8387000000000,18303.8710000000000
CKA,CO,Medellín,2024-11-25 / 2024-12-01,5699,24.87%,0.036000000000000000,0.354000000000000000,3813185,248717,1.12%,0.79%,53643.5018000000000,34655.8223000000000
CKA,CO,Villavicencio,2024-11-25 / 2024-12-01,0,-,-,-,0,0,-,-,-,-
CKA,CO,Cartagena,2024-11-25 / 2024-12-01,61,15.38%,0.021100000000000000,0.268600000000000000,91905,5379,0.62%,1.61%,43886.7958000000000,32098.0634000000000
CKA,CO,Santa marta,2024-11-25 / 2024-12-01,-,-,-,-,-,-,-,-,-,-
CKA,CO,Cali,2024-11-25 / 2024-12-01,1965,29.05%,0.047300000000000000,0.383700000000000000,1478555,94114,0.99%,1.92%,56497.3796000000000,34818.8920000000000
CKA,CO,Ibagué,2024-11-25 / 2024-12-01,0,-,-,-,0,0,-,-,-,-
CKA,CO,Pereira,2024-11-25 / 2024-12-01,0,-,-,-,0,0,-,-,-,-
CKA,CO,Manizales,2024-11-25 / 2024-12-01,0,-,-,-,0,0,-,-,-,-
CKA,CO,Valledupar,2024-11-25 / 2024-12-01,0,-,-,-,0,0,-,-,-,-
CKA,CO,Bucaramanga,2024-11-25 / 2024-12-01,323,20.54%,0.025100000000000000,0.319600000000000000,200679,15248,1.24%,2.17%,37684.4414000000000,25640.7351000000000
CKA,CO,"Bogotá, D.C.",2024-11-25 / 2024-12-01,8481,25.79%,0.043000000000000000,0.366500000000000000,5403585,315281,1.17%,0.92%,51339.2340000000000,32521.1395000000000
CKA,CO,Barranquilla,2024-11-25 / 2024-12-01,914,21.46%,0.032000000000000000,0.309000000000000000,812261,56343,0.87%,1.00%,45991.8685000000000,31780.3262000000000
CKA,PE,Trujillo,2024-11-25 / 2024-12-01,-,-,-,-,-,-,-,-,-,-
CKA,PE,Arequipa,2024-11-25 / 2024-12-01,-,-,-,-,-,-,-,-,-,-
CKA,PE,Lima,2024-11-25 / 2024-12-01,1580,29.58%,0.045600000000000000,0.393600000000000000,1380200,84638,0.85%,1.02%,57.2770000000000,34.7343000000000
CKA,CR,San Jose,2024-11-25 / 2024-12-01,2316,22.25%,0.030900000000000000,0.286100000000000000,1465792,92727,1.18%,1.38%,9108.3327000000000,6502.1739000000000
CKA,CR,Limon,2024-11-25 / 2024-12-01,-,-,-,-,-,-,-,-,-,-
CKA,CR,Liberia,2024-11-25 / 2024-12-01,-,-,-,-,-,-,-,-,-,-
CKA,MX,Los Mochis-Guasave,2024-11-18 / 2024-11-24,411,15.86%,0.031700000000000000,0.230100000000000000,238158,15296,1.26%,0.92%,278.4870000000000,214.4134000000000
CKA,MX,Monclova,2024-11-18 / 2024-11-24,0,-,-,-,0,0,-,-,-,-
CKA,MX,Campeche,2024-11-18 / 2024-11-24,23,0.35%,0.016200000000000000,0.066400000000000000,36371,1601,0.46%,1.23%,258.8757000000000,241.6800000000000
CKA,MX,Chetumal,2024-11-18 / 2024-11-24,8,5.96%,0.004100000000000000,0.127900000000000000,5916,542,1.03%,6.78%,304.8282000000000,265.8525000000000
CKA,MX,Coatzacoalcos,2024-11-18 / 2024-11-24,49,11.35%,0.025000000000000000,0.172100000000000000,37418,2927,1.00%,0.55%,329.8254000000000,273.0727000000000
CKA,MX,Leon,2024-11-18 / 2024-11-24,924,27.76%,0.047300000000000000,0.367000000000000000,430027,31992,1.56%,0.54%,314.0193000000000,198.7659000000000
CKA,MX,San Luis Potosi,2024-11-18 / 2024-11-24,708,14.07%,0.016800000000000000,0.193500000000000000,345785,24121,1.51%,0.95%,247.7375000000000,199.8042000000000
CKA,MX,La Paz,2024-11-18 / 2024-11-24,147,10.73%,0.021500000000000000,0.166200000000000000,83423,5652,1.28%,0.38%,305.8322000000000,254.9964000000000
CKA,MX,Puerto Vallarta,2024-11-18 / 2024-11-24,142,2.69%,0.006300000000000000,0.069400000000000000,52751,4085,1.99%,0.58%,265.5841000000000,247.1462000000000
CKA,MX,Victoria,2024-11-18 / 2024-11-24,184,19.35%,0.012700000000000000,0.258600000000000000,128894,8037,1.04%,0.68%,271.0292000000000,200.9406000000000
CKA,MX,Celaya,2024-11-18 / 2024-11-24,244,19.64%,0.009700000000000000,0.235300000000000000,152754,10264,1.17%,0.97%,314.9584000000000,240.8511000000000
CKA,MX,Monterrey,2024-11-18 / 2024-11-24,7916,19.10%,0.030400000000000000,0.269200000000000000,4123645,298785,1.40%,0.91%,308.4562000000000,225.4251000000000
CKA,MX,Toluca,2024-11-18 / 2024-11-24,1101,22.06%,0.018200000000000000,0.278100000000000000,726319,48359,1.12%,1.27%,275.5650000000000,198.9219000000000
CKA,MX,Villahermosa,2024-11-18 / 2024-11-24,1610,25.23%,0.034300000000000000,0.317500000000000000,828038,56985,1.40%,0.74%,287.2757000000000,196.0520000000000
CKA,MX,Mexicali,2024-11-18 / 2024-11-24,3888,18.17%,0.026000000000000000,0.243000000000000000,1443675,113042,1.94%,0.47%,311.1479000000000,235.5474000000000
CKA,MX,Carmen,2024-11-18 / 2024-11-24,9,0.00%,0.004500000000000000,0.049800000000000000,12582,832,0.51%,3.12%,343.7561000000000,326.6458000000000
CKA,MX,Mexico City,2024-11-18 / 2024-11-24,13996,20.64%,0.048500000000000000,0.308500000000000000,9401033,611487,1.10%,0.95%,313.6424000000000,216.8964000000000
CKA,MX,Durango,2024-11-18 / 2024-11-24,1662,19.64%,0.029500000000000000,0.248800000000000000,794336,56352,1.54%,1.15%,281.6819000000000,211.5988000000000
CKA,MX,Comitan de Dominguez,2024-11-18 / 2024-11-24,0,-,-,-,0,0,-,-,-,-
CKA,MX,Acapulco,2024-11-18 / 2024-11-24,39,2.38%,0.009600000000000000,0.070800000000000000,52532,2970,0.57%,2.05%,305.0521000000000,283.4634000000000
CKA,MX,Tampico,2024-11-18 / 2024-11-24,955,18.33%,0.046900000000000000,0.275300000000000000,512326,35324,1.36%,0.54%,272.9265000000000,197.7990000000000
CKA,MX,Chihuahua,2024-11-18 / 2024-11-24,3120,17.43%,0.031300000000000000,0.246900000000000000,1274679,98830,1.82%,0.84%,286.9944000000000,216.1493000000000
CKA,MX,Nuevo Laredo,2024-11-18 / 2024-11-24,55,10.14%,0.010800000000000000,0.159800000000000000,50993,2799,0.80%,0.51%,358.1359000000000,300.9152000000000
CKA,MX,Zacatecas,2024-11-18 / 2024-11-24,209,7.03%,0.026800000000000000,0.134600000000000000,95941,7472,1.61%,1.18%,230.5117000000000,199.4855000000000
CKA,MX,Nogales(SON),2024-11-18 / 2024-11-24,0,-,-,-,38,2,0.00%,-,-,-
CKA,MX,Morelia,2024-11-18 / 2024-11-24,905,17.37%,0.017800000000000000,0.236700000000000000,486085,31679,1.36%,0.62%,226.0389000000000,172.5291000000000
CKA,MX,Poza Rica de Hidalgo,2024-11-18 / 2024-11-24,12,22.56%,0.030800000000000000,0.294100000000000000,13400,811,0.73%,6.32%,286.9552000000000,202.5621000000000
CKA,MX,Aguascalientes,2024-11-18 / 2024-11-24,639,27.00%,0.012000000000000000,0.312800000000000000,373988,25196,1.25%,0.94%,285.5292000000000,196.2123000000000
CKA,MX,Tijuana,2024-11-18 / 2024-11-24,1776,17.10%,0.015200000000000000,0.229200000000000000,1021832,67119,1.31%,1.09%,324.0664000000000,249.7913000000000
CKA,MX,Reynosa,2024-11-18 / 2024-11-24,0,-,-,-,0,0,-,-,-,-
CKA,MX,Guaymas,2024-11-18 / 2024-11-24,0,-,-,-,0,0,-,-,-,-
CKA,MX,Navojoa,2024-11-18 / 2024-11-24,30,6.97%,0.024700000000000000,0.161400000000000000,21007,1395,1.09%,1.77%,236.2256000000000,198.0920000000000
CKA,MX,Solidaridad,2024-11-18 / 2024-11-24,54,12.52%,0.018600000000000000,0.197100000000000000,37211,2582,1.08%,0.26%,329.2842000000000,264.3867000000000
CKA,MX,Matamoros,2024-11-18 / 2024-11-24,267,6.54%,0.008100000000000000,0.103400000000000000,219183,12922,0.90%,0.72%,283.0332000000000,253.7632000000000
CKA,MX,Colima,2024-11-18 / 2024-11-24,131,3.89%,0.012900000000000000,0.099600000000000000,105121,6685,0.91%,1.38%,268.4357000000000,241.6905000000000
CKA,MX,Puebla,2024-11-18 / 2024-11-24,2641,24.68%,0.046300000000000000,0.320600000000000000,1419346,97563,1.38%,0.89%,265.5008000000000,180.3859000000000
CKA,MX,Chilpancingo de los Bravo,2024-11-18 / 2024-11-24,-,-,-,-,-,-,-,-,-,-
CKA,MX,Torreon,2024-11-18 / 2024-11-24,999,17.47%,0.033700000000000000,0.250500000000000000,500446,33001,1.49%,1.02%,247.0317000000000,185.1496000000000
CKA,MX,Hermosillo,2024-11-18 / 2024-11-24,1310,19.02%,0.034500000000000000,0.246500000000000000,615535,44457,1.59%,1.01%,279.2345000000000,210.4131000000000
CKA,MX,Jaurez CHIH,2024-11-18 / 2024-11-24,3877,20.22%,0.013600000000000000,0.267800000000000000,1679250,127122,1.71%,0.77%,365.8774000000000,267.9058000000000
CKA,MX,Merida,2024-11-18 / 2024-11-24,882,22.27%,0.044400000000000000,0.300600000000000000,550863,39786,1.20%,1.04%,274.9947000000000,192.3181000000000
CKA,MX,Delicias,2024-11-18 / 2024-11-24,47,11.86%,0.035900000000000000,0.192500000000000000,28171,1614,1.21%,0.60%,295.3591000000000,238.4957000000000
CKA,MX,Valles City,2024-11-18 / 2024-11-24,-,-,-,-,-,-,-,-,-,-
CKA,MX,Tapachula,2024-11-18 / 2024-11-24,5,0.00%,0.003000000000000000,0.054300000000000000,11175,483,0.30%,5.71%,256.5812000000000,242.6415000000000
CKA,MX,Piedras Negras,2024-11-18 / 2024-11-24,-,-,-,-,-,-,-,-,-,-
CKA,MX,Veracruz,2024-11-18 / 2024-11-24,513,20.32%,0.033300000000000000,0.273900000000000000,296886,19986,1.26%,1.09%,249.9815000000000,181.5149000000000
CKA,MX,Cancun,2024-11-18 / 2024-11-24,1195,23.76%,0.011600000000000000,0.289200000000000000,652000,46558,1.34%,0.32%,338.9201000000000,240.9113000000000
CKA,MX,Ensenada,2024-11-18 / 2024-11-24,686,16.67%,0.017500000000000000,0.217100000000000000,304448,19899,1.63%,0.61%,280.9631000000000,219.9788000000000
CKA,MX,San Cristobal de las Casas,2024-11-18 / 2024-11-24,28,2.50%,0.009100000000000000,0.079200000000000000,25821,1736,0.79%,1.49%,306.3640000000000,282.1107000000000
CKA,MX,Cordoba,2024-11-18 / 2024-11-24,113,18.72%,0.014000000000000000,0.235100000000000000,74131,5460,1.10%,0.62%,401.6219000000000,307.2189000000000
CKA,MX,San Juan del Río,2024-11-18 / 2024-11-24,141,24.63%,0.043800000000000000,0.333100000000000000,73141,5645,1.41%,0.79%,345.2647000000000,230.2561000000000
CKA,MX,San Miguel de Allende,2024-11-18 / 2024-11-24,0,-,-,-,0,0,-,-,-,-
CKA,MX,Culiacan,2024-11-18 / 2024-11-24,2192,17.57%,0.043800000000000000,0.256900000000000000,1047356,75443,1.54%,0.49%,292.4268000000000,217.3041000000000
CKA,MX,Uruapan,2024-11-18 / 2024-11-24,0,-,-,-,0,0,-,-,-,-
CKA,MX,Irapuato,2024-11-18 / 2024-11-24,128,7.05%,0.003900000000000000,0.108000000000000000,73825,4732,1.27%,1.40%,272.7149000000000,243.2595000000000
CKA,MX,Tehuacan,2024-11-18 / 2024-11-24,53,22.58%,0.058400000000000000,0.329200000000000000,24362,1815,1.63%,0.77%,264.1984000000000,177.2217000000000
CKA,MX,Manzanillo,2024-11-18 / 2024-11-24,159,7.27%,0.018500000000000000,0.142300000000000000,50331,4282,2.30%,0.88%,292.1905000000000,250.6074000000000
CKA,MX,Pachuca,2024-11-18 / 2024-11-24,225,17.87%,0.016900000000000000,0.226000000000000000,140718,9631,1.24%,1.24%,275.4829000000000,213.2158000000000
CKA,MX,Tepic,2024-11-18 / 2024-11-24,697,17.68%,0.020800000000000000,0.233100000000000000,314129,22172,1.61%,0.64%,278.2004000000000,213.3466000000000
CKA,MX,Las Choapas,2024-11-18 / 2024-11-24,12,6.65%,0.000800000000000000,0.123600000000000000,7222,661,1.27%,2.33%,290.8253000000000,254.8902000000000
CKA,MX,Queretaro,2024-11-18 / 2024-11-24,1358,22.18%,0.034600000000000000,0.301100000000000000,760002,52098,1.30%,1.17%,310.1586000000000,216.7790000000000
CKA,MX,Los Cabos,2024-11-18 / 2024-11-24,179,7.85%,0.015400000000000000,0.146000000000000000,95123,6258,1.40%,1.62%,340.3106000000000,290.6416000000000
CKA,MX,Mazatlan,2024-11-18 / 2024-11-24,622,13.09%,0.013300000000000000,0.173300000000000000,295836,20710,1.52%,0.66%,268.3159000000000,221.8298000000000
CKA,MX,Zamora,2024-11-18 / 2024-11-24,0,-,-,-,0,0,-,-,-,-
CKA,MX,Saltillo,2024-11-18 / 2024-11-24,737,14.37%,0.011000000000000000,0.198800000000000000,531126,31207,1.03%,0.84%,309.9886000000000,248.3677000000000
CKA,MX,Tlaxcala,2024-11-18 / 2024-11-24,58,14.66%,0.021600000000000000,0.209700000000000000,42495,3038,1.01%,1.67%,308.1116000000000,243.5029000000000
CKA,MX,Cuernavaca,2024-11-18 / 2024-11-24,1034,27.29%,0.021800000000000000,0.322100000000000000,566656,39288,1.33%,0.38%,298.8894000000000,202.6206000000000
CKA,MX,Tuxtla Gutierrez,2024-11-18 / 2024-11-24,371,11.55%,0.037600000000000000,0.212300000000000000,253009,15062,1.07%,1.01%,274.4036000000000,216.1426000000000
CKA,MX,Salamanca,2024-11-18 / 2024-11-24,31,12.23%,0.008800000000000000,0.165000000000000000,25389,1669,0.93%,3.46%,319.8259000000000,267.0634000000000
CKA,MX,Ciudad Obregon,2024-11-18 / 2024-11-24,606,16.68%,0.020600000000000000,0.225200000000000000,307082,21276,1.43%,0.65%,269.9861000000000,209.1751000000000
CKA,MX,Oaxaca,2024-11-18 / 2024-11-24,979,25.00%,0.031600000000000000,0.304500000000000000,396493,27994,1.77%,0.55%,265.5805000000000,184.7084000000000
CKA,MX,Xalapa,2024-11-18 / 2024-11-24,62,13.13%,0.015000000000000000,0.187400000000000000,79258,4137,0.59%,3.30%,282.3059000000000,229.4150000000000
CKA,MX,Guadalajara,2024-11-18 / 2024-11-24,9050,16.44%,0.039700000000000000,0.242600000000000000,4512264,307415,1.46%,0.80%,267.0844000000000,202.2836000000000
CKA,CO,Cartagena,2024-11-18 / 2024-11-24,59,15.10%,0.017400000000000000,0.280100000000000000,88234,5222,0.64%,1.26%,45132.5158000000000,32489.5572000000000
CKA,CO,Barranquilla,2024-11-18 / 2024-11-24,847,22.06%,0.031900000000000000,0.329900000000000000,816251,56808,0.80%,0.89%,45686.4413000000000,30612.2249000000000
CKA,CO,"Bogotá, D.C.",2024-11-18 / 2024-11-24,8279,25.67%,0.045100000000000000,0.375000000000000000,5377541,322720,1.15%,0.88%,51373.4264000000000,32109.4477000000000
CKA,CO,Ibagué,2024-11-18 / 2024-11-24,0,-,-,-,0,0,-,-,-,-
CKA,CO,Bucaramanga,2024-11-18 / 2024-11-24,358,21.21%,0.027000000000000000,0.346100000000000000,203234,16195,1.34%,1.10%,38372.0367000000000,25089.8420000000000
CKA,CO,Medellín,2024-11-18 / 2024-11-24,5639,24.91%,0.040000000000000000,0.369800000000000000,3829215,262565,1.11%,0.78%,53451.4408000000000,33685.9937000000000
CKA,CO,Santa marta,2024-11-18 / 2024-11-24,-,-,-,-,-,-,-,-,-,-
CKA,CO,Valledupar,2024-11-18 / 2024-11-24,0,-,-,-,0,0,-,-,-,-
CKA,CO,Cúcuta,2024-11-18 / 2024-11-24,3,4.24%,0.006500000000000000,0.185200000000000000,14827,525,0.16%,0.00%,26073.7778000000000,21245.6111000000000
CKA,CO,Cali,2024-11-18 / 2024-11-24,1688,23.37%,0.049700000000000000,0.340100000000000000,1380460,89821,0.92%,1.17%,52200.7693000000000,34448.9525000000000
CKA,CO,Manizales,2024-11-18 / 2024-11-24,0,-,-,-,0,0,-,-,-,-
CKA,CO,Villavicencio,2024-11-18 / 2024-11-24,0,-,-,-,0,0,-,-,-,-
CKA,CO,Pereira,2024-11-18 / 2024-11-24,0,-,-,-,0,0,-,-,-,-
CKA,PE,Lima,2024-11-18 / 2024-11-24,1578,29.22%,0.045000000000000000,0.388900000000000000,1403101,89527,0.83%,0.71%,56.8947000000000,34.7671000000000
CKA,PE,Arequipa,2024-11-18 / 2024-11-24,-,-,-,-,-,-,-,-,-,-
CKA,PE,Trujillo,2024-11-18 / 2024-11-24,-,-,-,-,-,-,-,-,-,-
CKA,CR,Limon,2024-11-18 / 2024-11-24,-,-,-,-,-,-,-,-,-,-
CKA,CR,San Jose,2024-11-18 / 2024-11-24,2145,22.07%,0.030400000000000000,0.286200000000000000,1283664,85981,1.24%,1.23%,8733.9218000000000,6233.8649000000000
CKA,CR,Liberia,2024-11-18 / 2024-11-24,-,-,-,-,-,-,-,-,-,-
